CREATE DATABASE IF NOT EXISTS gestion_ansada;
CREATE USER 'app-user'@'%' IDENTIFIED BY 'app-passwd';
GRANT SELECT, INSERT, UPDATE, DELETE, EXECUTE, SHOW VIEW, CREATE TEMPORARY TABLES ON gestion_ansada.* TO 'app-user'@'%';
FLUSH PRIVILEGES;

USE gestion_ansada;

DROP TABLE IF EXISTS usuario;
CREATE TABLE IF NOT EXISTS usuario (
    id INT AUTO_INCREMENT PRIMARY KEY,
    username VARCHAR(50) NOT NULL UNIQUE,
    password VARCHAR(60) NOT NULL,
    fullname VARCHAR(100) NOT NULL,
    admin BOOLEAN DEFAULT false
);

-- admin, admin
-- usuario, passwd
INSERT INTO usuario (username, fullname, password, admin) VALUES
('admin', 'Administrador del Sistema', '$2a$10$CfEtffpicdmMTC1eYkvO8enZq369bI5asx0PWpfAgFy5tKSfB4K4W', true),
('usuario', 'Usuario Genérico', '$2a$10$FuhprCQvcNuXM/aVxORvYeYXe9ze5SYAX4BIcNBxkW787FnHlU9Rm', false);

DROP TABLE IF EXISTS `cliente`;
CREATE TABLE `cliente` (
  `id` int NOT NULL AUTO_INCREMENT,
  `nombre` varchar(80) NOT NULL,
  `direccion` text,
  `cif` varchar(20) DEFAULT NULL,
  `vat` varchar(20) DEFAULT NULL,
  `pais` varchar(80) DEFAULT NULL,
  `telefono` varchar(20) DEFAULT NULL,
  `email` varchar(255) DEFAULT NULL,
  `fax` varchar(20) DEFAULT NULL,
  `tipo` varchar(20) NOT NULL,
  `observaciones` text,
  PRIMARY KEY (`id`),
  UNIQUE KEY `nombre` (`nombre`)
);

LOCK TABLES `cliente` WRITE;
INSERT INTO `cliente` VALUES 
(1, 'MINERALES DEL NORTE S.A.', 'CALLE FALSA 123\n\tMADRID, ESPAÑA', 'CIF12345678', 'VAT12345678', 'ESPAÑA', '912345678', 'INFO@MINERALESNORTE.COM', '912345679', 'CARGADOR', 'CLIENTE DEDICADO A LA EXPORTACIÓN DE MINERALES DESDE ESPAÑA.'),
(2, 'ATLANTIC SHIPPING LTD.', '123 OCEAN AVENUE\n\tNEW YORK, USA', 'CIF87654321', 'VAT87654321', 'USA', '123456789', 'CONTACT@ATLANTICSHIPPING.COM', '123456780', 'ARMADOR', 'EMPRESA DE TRANSPORTE MARÍTIMO CON SEDE EN EE.UU.'),
(3, 'BALTIC MINERALS LLC', 'RUSSIAN FEDERATION, MOSCOW\n\tRED SQUARE 5', 'CIF56473829', 'VAT56473829', 'RUSIA', '4951234567', 'INFO@BALTICMINERALS.RU', '4951234568', 'CARGADOR', 'EXPORTADOR DE MINERALES DESDE RUSIA.'),
(4, 'EUROPEAN CARGO SERVICES', '123 EUROPA STRASSE\n\tBERLIN, GERMANY', 'CIF98765432', 'VAT98765432', 'ALEMANIA', '49123456789', 'CONTACT@EUROPEANCARGO.DE', '49123456780', 'OTRO', 'SERVICIOS DE CARGA EN EUROPA.'),
(5, 'PACIFIC MINERALS INC.', '456 PACIFIC ROAD\n\tTOKYO, JAPAN', 'CIF23456789', 'VAT23456789', 'JAPÓN', '8131234567', 'INFO@PACIFICMINERALS.CO.JP', '8131234568', 'CARGADOR', 'EXPORTADOR DE MINERALES DESDE JAPÓN.'),
(6, 'GLOBAL SHIPPING CO.', '789 WORLD TRADE CENTER\n\tLONDON, UK', 'CIF34567890', 'VAT34567890', 'REINO UNIDO', '44201234567', 'CONTACT@GLOBALSHIPPING.CO.UK', '44201234568', 'ARMADOR', 'EMPRESA DE TRANSPORTE MARÍTIMO GLOBAL.'),
(7, 'MINERALES ANDES S.A.', 'CALLE LARGA 45\n\tLIMA, PERÚ', 'CIF12349876', 'VAT12349876', 'PERÚ', '51112345678', 'INFO@MINERALESANDES.PE', '51112345679', 'CARGADOR', 'EXPORTADOR DE MINERALES DESDE PERÚ.'),
(8, 'ASIA FREIGHTERS LTD.', '101 ASIA PLAZA\n\tHONG KONG', 'CIF45678901', 'VAT45678901', 'HONG KONG', '85212345678', 'CONTACT@ASIAFREIGHTERS.HK', '85212345679', 'ARMADOR', 'EMPRESA DE TRANSPORTE MARÍTIMO EN ASIA.'),
(9, 'NORTH SEA SHIPPING', 'NORDVEJ 23\n\tOSLO, NORUEGA', 'CIF67890123', 'VAT67890123', 'NORUEGA', '4721234567', 'INFO@NORTHSEASHIPPING.NO', '4721234568', 'ARMADOR', 'TRANSPORTE MARÍTIMO EN EL MAR DEL NORTE.'),
(10, 'MINERALES DE BRASIL LTDA.', 'AVENIDA AMAZONAS 200\n\tRIO DE JANEIRO, BRASIL', 'CIF78901234', 'VAT78901234', 'BRASIL', '552112345678', 'INFO@MINERALESBRASIL.BR', '552112345679', 'CARGADOR', 'EXPORTADOR DE MINERALES DESDE BRASIL.'),
(11, 'AUSTRALIAN MINERALS PTY.', '12 OUTBACK ROAD\n\tSYDNEY, AUSTRALIA', 'CIF89012345', 'VAT89012345', 'AUSTRALIA', '61212345678', 'INFO@AUSTRALIANMINERALS.AU', '61212345679', 'CARGADOR', 'EXPORTADOR DE MINERALES DESDE AUSTRALIA.'),
(12, 'AFRICAN MINERALS CO.', '15 SAFARI LANE\n\tCAPE TOWN, SUDÁFRICA', 'CIF90123456', 'VAT90123456', 'SUDÁFRICA', '27112345678', 'CONTACT@AFRICANMINERALS.CO.ZA', '27112345679', 'CARGADOR', 'EXPORTADOR DE MINERALES DESDE SUDÁFRICA.'),
(13, 'TRANSOCEANIC SHIPPING', '120 PORT STREET\n\tSINGAPORE', 'CIF01234567', 'VAT01234567', 'SINGAPUR', '65612345678', 'CONTACT@TRANSOCEANIC.SG', '65612345679', 'ARMADOR', 'EMPRESA DE TRANSPORTE MARÍTIMO EN SINGAPUR.'),
(14, 'MINERALES DE CHILE S.A.', 'CALLE NORTE 150\n\tSANTIAGO, CHILE', 'CIF02345678', 'VAT02345678', 'CHILE', '56212345678', 'INFO@MINERALESCHILE.CL', '56212345679', 'CARGADOR', 'EXPORTADOR DE MINERALES DESDE CHILE.'),
(15, 'ARABIAN MINERALS LLC', 'KING FAISAL ROAD\n\tDUBAI, UAE', 'CIF03456789', 'VAT03456789', 'EMIRATOS ÁRABES UNIDOS', '97112345678', 'INFO@ARABIANMINERALS.AE', '97112345679', 'CARGADOR', 'EXPORTADOR DE MINERALES DESDE LOS EMIRATOS.'),
(16, 'CANADIAN MINERALS INC.', 'MAPLE STREET 200\n\tTORONTO, CANADÁ', 'CIF04567890', 'VAT04567890', 'CANADÁ', '14161234567', 'INFO@CANADIANMINERALS.CA', '14161234568', 'CARGADOR', 'EXPORTADOR DE MINERALES DESDE CANADÁ.'),
(17, 'MEDITERRANEAN SHIPPING CO.', 'VIA DEL MARE 10\n\tGENOVA, ITALIA', 'CIF05678901', 'VAT05678901', 'ITALIA', '39012345678', 'CONTACT@MEDITERRANEANSHIPPING.IT', '39012345679', 'ARMADOR', 'EMPRESA DE TRANSPORTE MARÍTIMO EN EL MEDITERRÁNEO.'),
(18, 'INDIAN OCEAN CARGO', 'MARINE DRIVE 50\n\tMUMBAI, INDIA', 'CIF06789012', 'VAT06789012', 'INDIA', '912312345678', 'CONTACT@INDIANOCEANCARGO.IN', '912312345679', 'OTRO', 'SERVICIOS DE CARGA EN EL OCÉANO ÍNDICO.'),
(19, 'MINERALES DE MÉXICO S.A.', 'CALLE SUR 90\n\tMÉXICO D.F., MÉXICO', 'CIF07890123', 'VAT07890123', 'MÉXICO', '525512345678', 'INFO@MINERALESMEXICO.MX', '525512345679', 'CARGADOR', 'EXPORTADOR DE MINERALES DESDE MÉXICO.'),
(20, 'EASTERN EUROPE MINERALS', 'ULITSA LÉNINA 1\n\tMOSCÚ, RUSIA', 'CIF08901234', 'VAT08901234', 'RUSIA', '74951234567', 'INFO@EASTERNEUROMINERALS.RU', '74951234568', 'CARGADOR', 'EXPORTADOR DE MINERALES DESDE RUSIA.');
UNLOCK TABLES;

DROP TABLE IF EXISTS `buque`;
CREATE TABLE `buque` (
  `id` int NOT NULL AUTO_INCREMENT,
  `nombre` varchar(80) NOT NULL,
  `bandera` varchar(80) DEFAULT NULL,
  `matricula` varchar(25) DEFAULT NULL,
  `trb` decimal(10,2) DEFAULT NULL,
  `eslora` decimal(10,2) DEFAULT NULL,
  `calado` decimal(10,2) DEFAULT NULL,
  `manga` decimal(10,2) DEFAULT NULL,
  `observaciones` text,
  `trn` decimal(10,2) DEFAULT NULL,
  PRIMARY KEY (`id`),
  UNIQUE KEY `nombre` (`nombre`)
) ;

LOCK TABLES `buque` WRITE;
INSERT INTO `buque` VALUES (37,'ABU AL ABYAD','LIBERIA','MONROVIA',33202.00,190.00,13.57,32.26,NULL,0.00),(38,'ADAMOON','LIBERIA','MONROVIA',13579.00,149.96,10.00,23.60,NULL,0.00),(39,'AFRICAN VENTURE','HONG KONG','HONG KONG',24212.00,180.00,10.00,28.00,NULL,0.00),(40,'AGGELIKI B ','ISLAS MARSHALL ','MAJURO ',32987.00,189.90,11.00,32.26,NULL,0.00),(41,'AGIA DOXA','LIBERIA','MONROVIA',21650.00,178.90,10.00,21.00,NULL,0.00),(42,'AGIOS NIKOLAS','ISLAS MARSHALL','MAJURO',32360.00,189.90,12.00,32.26,NULL,0.00),(43,'AL YASAT II','LIBERIA','MONROVIA',33202.00,190.00,13.00,32.26,NULL,0.00),(44,'AMFITRITI','GRIEGA','PIRAEUS',34374.00,196.00,13.02,32.26,NULL,0.00),(45,'AMIS ELEGANCE','PANAMA ','PANAMA ',31557.00,189.90,12.00,32.26,NULL,0.00),(46,'AMIS GLORY','PANAMA ','PANAMA ',31557.00,189.99,11.00,32.26,NULL,0.00),(47,'AMIS LEADER','PANAMA ','PANAMA ',32315.00,189.99,10.00,30.26,NULL,0.00),(48,'AMIS POWER','PANAMEÑA','PANAMÁ',35607.00,199.90,13.33,32.26,NULL,0.00),(49,'AMORGOS BOLTEN ','PORTUGAL','MADEIRA',24247.00,180.00,10.30,30.00,NULL,0.00),(50,'AN CHANG','CHINA','GUANGZHOU',30963.00,185.00,12.52,32.26,NULL,0.00),(51,'ANTIGONI B','ISLAS MARSHALL','MAJURO',32983.00,189.90,12.80,32.26,NULL,0.00),(52,'ANTWERP EAGLE','ISLAS MARSHALL','MAJURO',36474.00,199.90,13.28,32.26,NULL,0.00),(53,'APOLLO BULKER','PANAMEÑA','PANAMÁ',21483.00,177.00,10.34,28.60,NULL,0.00),(54,'AQUARIUS','LITUANA','KLAIPEDA',1141.00,81.45,3.15,9.46,NULL,0.00),(55,'ARGO','ANTIGUA','ST.JOHN´S',5630.00,108.20,7.27,18.20,NULL,0.00),(56,'ARKLOW CADET','IRLANDA','ARKLOW',2999.00,87.40,4.20,14.99,NULL,0.00),(57,'ARKLOW CLIPPER ','IRLANDA','ARKLOW ',2999.00,87.40,8.00,17.00,NULL,0.00),(58,'ARKLOW CLOUD ','IRLANDA','ARKLOW',2999.00,86.80,6.15,14.00,NULL,0.00),(59,'ARKLOW COAST','IRLANDA','ARKLOW',2999.00,87.40,6.14,14.99,NULL,0.00),(60,'ARKLOW FIELD','IRLANDA','ARKLOW',2998.00,89.95,6.28,14.50,NULL,0.00),(61,'ARKLOW FLAIR','IRLANDA ','ARKLOW',2998.00,89.95,6.28,14.40,NULL,0.00),(62,'ARKLOW MANOR','IRLANDA','ARKLOW',9758.00,136.50,9.00,21.00,NULL,0.00),(63,'ARKLOW VENTURE','HOLANDESA','ROTTERDAM',2999.00,86.93,6.35,15.00,NULL,0.00),(64,'ARKLOW VIEW','HOLANDESA','ROTTERDAM ',2999.00,86.90,6.20,17.00,NULL,0.00),(65,'ARUNA BERK','ISLAS MARSHALL','MAJURO',31901.00,193.07,13.02,32.26,NULL,0.00),(66,'ATALAYA TMA','ESPAÑOLA','S.C.TENERIFE',5132.00,118.00,6.54,15.90,NULL,0.00),(67,'AYR','LUXEMBURGO','LUXEMBURGO',2451.00,88.30,5.80,12.40,NULL,0.00),(68,'BALTIC HORNET ','ISLAS MARSHALL ','MAJURO ',36353.00,199.99,12.00,32.26,NULL,0.00),(69,'BEAUMAGIC','HOLANDESA','ROTTERDAM ',2545.00,88.60,5.20,17.80,NULL,0.00),(70,'BELASITZA','MALTA','VALLETTA',19906.00,186.00,10.42,23.70,NULL,0.00),(71,'BELFRIEND','NORUEGA','OSLO',32372.00,189.99,12.83,32.26,NULL,0.00),(72,'BOLTEN SYMI','ISLAS MARSHALL','MAJURO',15861.00,157.23,9.38,26.80,NULL,0.00),(73,'BREB XIAN','CHIPRE ','LIMASSOL',4115.00,100.50,8.00,15.50,NULL,0.00),(74,'BREMER ELENA','ALEMANA','HAMBURG',3172.00,89.98,5.31,15.20,NULL,0.00),(75,'BRETS CUXHAVEN','MADEIRA','FUNCHAL',5630.00,108.17,7.01,18.20,NULL,0.00),(76,'BULK ATACAMA','PANAMEÑA','PANAMÁ',34801.00,189.98,12.74,32.24,NULL,0.00),(77,'BULK JAMAICA ','LIBERIA','MONROVIA',35570.00,199.90,12.00,32.26,NULL,0.00),(78,'BULK PATAGONIA ','LIBERIA','MONROVIA ',33090.00,197.00,12.00,32.26,NULL,0.00),(79,'CAPE GULL','LIBERIA','MONROVIA',21699.00,176.50,10.72,28.80,NULL,0.00),(80,'CAPEGULL','LIBERIA','MONROVIA',21699.00,176.50,10.72,28.80,NULL,0.00),(81,'CAPETAN VASSILIS II','BAHAMAS','NASSAU',23453.00,180.00,9.92,30.00,NULL,0.00),(82,'CAPT EUGENE','PANAMA ','PANAMA ',31240.00,189.99,12.00,32.26,NULL,0.00),(83,'CAROLINA BOLTEN ','PORTUGAL','MADEIRA',24198.00,180.00,10.65,30.00,NULL,0.00),(84,'CL TOMO','PANAMEÑA','PANAMÁ',36762.00,199.92,13.62,32.26,NULL,0.00),(85,'CLIPPER DEE ','ISLAS MARSHALL','MAJURO',19998.00,176.00,11.00,28.00,NULL,0.00),(86,'CLIPPER LIS','ISLAS MARSHALL','MAJURO',17018.00,169.37,0.00,0.00,NULL,0.00),(87,'CLIPPER NASSAU','ISLAS MARSHALL','MAJURO',23432.00,180.00,10.00,28.00,NULL,0.00),(88,'CMB CHIKAKO ','PANAMA ','PANAMA ',34810.00,199.99,12.00,32.26,NULL,0.00),(89,'COMMON CALYPSO','GRECIA','PIRAEUS',32987.00,189.90,12.00,32.20,NULL,0.00),(90,'COMMON HORIZON','ISLAS MARSHALL','MAJURO',36336.00,199.90,13.30,32.26,NULL,0.00),(91,'COOPER ISLAND','HONG KONG','HONG KONG',32432.00,189.99,12.83,32.26,NULL,0.00),(92,'CORA JO ','HOLANDESA ','DELFZIJL',3995.00,111.40,6.25,18.00,NULL,0.00),(93,'CORAL GEM','ISLAS MARSHALL','MAJURO',49870.00,189.90,12.52,17.80,NULL,0.00),(94,'CORINTHIAN SPIRE','BAHAMAS','NASSAU',20242.00,177.13,10.02,28.40,NULL,0.00),(95,'COUGA','HONG KONG','HONG KONG',29104.00,182.98,12.15,32.26,NULL,0.00),(96,'CRAMOND ISLAND','HONG KONG','HONG KONG',32625.00,189.99,12.80,32.29,NULL,0.00),(97,'DAGNA','HOLANDESA','WESTERBORK',3990.00,110.00,6.50,19.00,NULL,0.00),(98,'DAIWAN WISDOM','PANAMÁ','PANAMÁ',19825.00,175.50,5.70,29.40,NULL,0.00),(99,'DAMSTERDIJK','HOLANDESA','GRONINGEN',2984.00,89.95,6.22,14.40,NULL,0.00),(100,'DAYANG CONFIDENCE','ISLAS MARSHALL','MAJURO',35812.00,199.90,13.30,32.26,NULL,0.00),(101,'DELFBORG','DUTCH','DELFZIJL',3990.00,110.78,6.50,14.00,NULL,0.00),(102,'DENSA LION','MALTA','VALLETTA',31029.00,189.90,12.52,32.26,NULL,0.00),(103,'DESERT VICTORY','ISLAS MARSHALL','MAJURO',33631.00,193.07,6.50,32.26,NULL,0.00),(104,'DEVON BAY','PANAMEÑA','PANAMÁ',31756.00,189.99,12.72,32.25,NULL,0.00),(105,'DIEZEBORG','HOLANDESA','DELFZIJL',6219.00,133.41,8.00,16.00,NULL,0.00),(106,'DINTELBORG','HOLANDESA','DELFZIJL',6235.00,133.41,7.12,15.58,NULL,0.00),(107,'DONGEBORG','HOLANDESA','DELFZIJL',6205.00,133.00,7.00,15.00,NULL,0.00),(108,'DORIC TRIDENT','LIBERIA ','MONROVIA',32370.00,190.00,11.00,32.26,NULL,0.00),(109,'DORO','LIBERIA','MONROVIA',33200.00,189.90,12.80,32.26,NULL,0.00),(110,'DRAIT','HOLANDA','DELFZIJL',2218.00,89.40,5.22,12.50,NULL,0.00),(111,'DRAWSKO','BAHAMAS','',20605.00,190.00,10.22,23.60,NULL,0.00),(112,'DSI POLLUX','ISLAS MARSHALL ','MAJURO ',34551.00,199.90,11.00,32.26,NULL,0.00),(113,'DUBAI GALACTIC','PANAMÁ','PANAMÁ',30719.00,189.99,6.20,32.26,NULL,0.00),(114,'EBROBORG','HOLANDESA','DELFZIJL',7196.00,137.90,8.00,15.80,NULL,0.00),(115,'ELBABE','ISLAS MARSHALL','MAJURO',34553.00,199.90,12.95,32.25,NULL,0.00),(116,'ELBEBORG','HOLANDESA','DELFZIJL',7680.00,144.56,8.00,19.00,NULL,0.00),(117,'ELSABETH C','CHIPRE','LIMASSOL',34242.00,189.90,13.00,32.26,NULL,0.00),(118,'EPSON TRADER','PHILIPINAS','MANILA',34728.00,199.95,12.00,32.26,NULL,0.00),(119,'EQUINOX STAR','ISLAS CAYMAN','GEORGETOWN',33232.00,197.00,12.68,32.22,NULL,0.00),(120,'ESPRIT','HOLANDESA','HARLINGEN',2984.00,89.90,5.60,13.00,NULL,0.00),(121,'EVANS SPIRIT','CANADÁ','HAMILTON',9286.00,139.95,7.62,21.00,NULL,0.00),(122,'FEDERAL ASAHI ','ISLAS MARSHALL ','MAJURO',20659.00,199.90,9.00,32.26,NULL,0.00),(123,'FEDERAL MASAMUNE','SINGAPUR','SINGAPORE',34817.00,199.99,6.70,32.26,NULL,0.00),(124,'FEDERAL YOSHINO ','ISLAS MARSHALL','MAJURO',19993.00,190.43,10.00,23.80,NULL,0.00),(125,'FEED HELGELAND','NORUEGA','TRONOHEIM',2829.00,89.75,6.37,13.60,NULL,0.00),(126,'FEED ROGALAND','NORUEGA','TRONDHEIN',2999.00,89.98,6.11,14.00,NULL,0.00),(127,'FENG HE HAI','HONG KONG','HONG KONG',36378.00,199.90,13.30,32.26,NULL,0.00),(128,'FENG MAO HAI ','HONG KONG ','HONG KONG',36378.00,199.99,12.00,32.26,NULL,0.00),(129,'FINITA R','ESPAÑOLA','TENERIFE',3778.00,99.80,6.90,14.00,NULL,0.00),(130,'FL LEVANTE','ANTIGUA','ST.JOHN´S',3995.00,111.40,3.80,13.40,NULL,0.00),(131,'FONNLAND','CHIPRIOTA','LIMASSOL',3601.00,84.95,5.45,12.80,NULL,0.00),(132,'FRI BERGEN','NORUEGA','KOPERVIK',3442.00,99.70,6.12,14.00,NULL,0.00),(133,'FRIEDERIKE','ISLAS MARSHHAL','MAJURO',33302.00,190.00,11.80,32.26,NULL,0.00),(134,'FUTURE','ISLAS MARTSHALL','MAJURO',31753.00,190.00,12.72,32.26,NULL,0.00),(135,'GARDNO','BAHAMAS','NASSAU',22982.00,192.92,11.25,23.65,NULL,0.00),(136,'GEIYO K','ISLAS MARSHALL','MAJURO',31557.00,189.90,12.53,32.26,NULL,0.00),(137,'GEORGIA M','ISLAS MARSHALL ','MAJURO',33129.00,197.00,12.00,32.26,NULL,0.00),(138,'GLORIA CONFIDENCE ','LIBERIA ','MONROVIA ',36005.00,199.90,12.00,32.26,NULL,0.00),(139,'GOOD HEART','LIBERIA','MONROVIA',36354.00,199.90,13.30,32.26,NULL,0.00),(140,'GOODWYN ISLAND','HONG KONG','HONG KONG ',35684.00,199.90,10.90,32.26,NULL,0.00),(141,'GREAT VENTURE ','HONG KONG ','HONG KONG ',34508.00,199.90,12.00,32.26,NULL,0.00),(142,'HADELAND','ANTIGUA','ST.JOHN´S',6669.00,106.97,8.24,18.20,NULL,0.00),(143,'HTK FORTUNE','VIETNAM','HAIPOONG',19885.00,177.00,10.00,28.40,NULL,0.00),(144,'HUNTEBORG','HOLANDESA','DELFZIJL',4206.00,113.00,6.01,19.00,NULL,0.00),(145,'HUNZEDIJK','HOLANDESA','GRONINGEN',2984.00,89.95,6.22,14.40,NULL,0.00),(146,'ILIANA','LIBERIA','MONROVIA',32837.00,189.90,12.75,32.26,NULL,0.00),(147,'IONIC STORM','PANAMEÑA','PANAMÁ',31263.00,189.99,12.58,32.26,NULL,0.00),(148,'IRMA','CHIPRE','LIMASSOL',21387.00,199.90,10.00,23.60,NULL,0.00),(149,'IRYDA','CHIPRE','LIMASSOL',21387.00,199.99,12.00,32.26,NULL,0.00),(150,'ISA','CHIPRE','LIMASSOL',21387.00,199.90,10.20,32.26,NULL,0.00),(151,'JADELAND','PORTUGAL','MADEIRA',4220.00,106.04,15.20,15.61,NULL,0.00),(152,'JASMINE ','LIBERIA ','MONROVIA',31756.00,189.99,12.00,32.26,NULL,0.00),(153,'JASPERLAND','PORTUGAL','MADEIRA',4220.00,105.98,5.85,15.61,NULL,0.00),(154,'JOHN-PAUL K.','HOLANDESA','DELFZIJL',3037.00,90.25,5.64,15.44,NULL,0.00),(155,'KANG CHENG ','HONG KONG','HONG KONG ',30963.00,190.00,12.00,28.00,NULL,0.00),(156,'KARPATHOS DAWN','ISLAS MARSHALL','MAJURO',33042.00,190.00,12.00,32.26,NULL,0.00),(157,'KN FUTURE','SINGAPUR','SINGAPORE',32376.00,189.90,12.00,32.26,NULL,0.00),(158,'KOM','MALTA','VALLETTA',20800.00,189.90,10.50,23.70,NULL,0.00),(159,'KWINTEBANK','HOLANDESA','DELFZIJL',6378.00,132.23,7.77,16.16,NULL,0.00),(160,'KYRA PANAGHIA','LIBERIA','MONROVIA',35812.00,199.90,13.30,32.26,NULL,0.00),(161,'LACTA','ISLAS MARSHALL','MAJURO',33096.00,197.00,12.68,32.26,NULL,0.00),(162,'LAUWERSBORG','HOLANDESA','DELFZIJL',4695.00,122.34,6.51,14.40,NULL,0.00),(163,'LECKO','HOLANDESA','DELFZIJL',2556.00,89.00,6.00,18.00,NULL,0.00),(164,'LEON OETKER ','LIBERIA ','MONROVIA',32379.00,189.90,11.50,32.26,NULL,0.00),(165,'LINGEDIJK','HOLANDESA','GRONINGEN',2984.00,90.00,6.40,14.00,NULL,0.00),(166,'LOIREBORG','HOLANDESA','DELFZIJL',4695.00,122.34,6.50,14.40,NULL,0.00),(167,'LONGDUIN','HOLANDESA','GRONINGEN',4503.00,111.70,6.86,14.95,NULL,0.00),(168,'LONGRUN','HOLANDESA','GRONINGEN',3603.00,101.70,5.90,17.00,NULL,0.00),(169,'LONGVING','HOLANDESA','GRONINGEN',4255.00,114.40,6.04,14.40,NULL,0.00),(170,'LOUISA BOLTEN','ISLAS MARSHALL','MAJURO',19972.00,178.70,9.88,28.00,NULL,0.00),(171,'LURO','HOLANDESA','DELFZIJL',2556.00,89.00,6.00,18.00,NULL,0.00),(172,'MAGDA P','GRECIA','PIREO',33044.00,189.90,12.00,32.26,NULL,0.00),(173,'MANDARIN EAGLE','LIBERIA','MONROVIA',32957.00,189.99,12.80,32.26,NULL,0.00),(174,'MANUELA E.','ESPAÑOLA','S.C.TENERIFE',3778.00,99.80,6.53,14.00,NULL,0.00),(175,'MAPLE AMBITION','HONG KONG','HONG KONG',23872.00,179.90,10.15,30.00,NULL,0.00),(176,'MARIA H','PANAMÁ','PANAMÁ',22414.00,179.86,10.80,28.44,NULL,0.00),(177,'MARTIN','ISLAS MARSHALL','MAJURO',38045.00,189.90,12.95,32.27,NULL,0.00),(178,'MGD JOY ','MALTA ','VALLETTA ',15861.00,157.20,10.00,21.00,NULL,0.00),(179,'MINSTREL','ST. VICENTE','KINGSTON',1552.00,82.25,3.64,11.30,NULL,0.00),(180,'MISSISSIPPIBORG','HOLANDESA','DELFZIJL',6540.00,135.50,7.25,18.20,NULL,0.00),(181,'MUROS','ESPAÑOLA','S.C.TENERIFE',2998.00,89.95,6.30,14.40,NULL,0.00),(182,'NIKLAS G ','ANTIGUA ','ST  JOHN´S',4255.00,114.00,16.00,18.00,NULL,0.00),(183,'NIMET TORLAK','LIBERIA','MONROVIA',11349.00,137.90,8.42,25.00,NULL,0.00),(184,'NINA','CHIPRE ','LIMASSOL',3289.00,104.50,6.18,17.00,NULL,0.00),(185,'NORD AMAZON','SINGAPUR','SINGAPORE',36256.00,199.00,13.54,32.26,NULL,0.00),(186,'NORD BALTIC','DENMARK','HELLERUP',35263.00,199.98,12.00,32.26,NULL,0.00),(187,'NOTA A ','PANAMA ','PANAMA',29295.00,188.50,10.00,30.27,NULL,0.00),(188,'OBORISHTE','MALTA','VALLETTTA',20491.00,190.00,11.00,29.00,NULL,0.00),(189,'OCEAN CARRIER','MADEIRA','FUNCHAL',6668.00,106.96,8.23,18.20,NULL,0.00),(190,'OCEAN DESTINY','LIBERIA','MONROVIA',31540.00,189.90,10.00,32.26,NULL,0.00),(191,'OCEAN ROYAL','MALTA','VALLETTA',32309.00,189.99,12.83,32.26,NULL,0.00),(192,'OCEAN S','LIBERIA','MONROVIA',16041.00,168.00,9.54,26.60,NULL,0.00),(193,'OCEAN TRADER ','PORTUGAL','MADEIRA',6668.00,106.96,8.23,18.20,NULL,0.00),(194,'ODYSSEAS','ISLAS MARSHALL','MAJURO',22662.00,186.40,11.00,27.80,NULL,0.00),(195,'OKTEM ASKOY','MALTA','VALLETTA',30058.00,189.90,12.02,32.29,NULL,0.00),(196,'OLYMPIA GR','ISLAS MARSHALL','MAJURO',35035.00,199.92,13.02,32.26,NULL,0.00),(197,'OMISHIMA ISLAND','PANAMEÑA','PANAMÁ',34815.00,199.98,13.01,32.20,NULL,0.00),(198,'OPPLAN','PORTUGAL','PORTO SANTO',6668.00,107.00,8.24,18.20,NULL,0.00),(199,'ORIOLE','ISLAS MARSHALL','MAJURO',33045.00,189.90,12.95,32.27,NULL,0.00),(200,'OSLO BULK 12','MADEIRA','FUNCHAL',5630.00,108.20,7.27,18.20,NULL,0.00),(201,'OSLO BULK 14','NORUEGA','OSLO',5629.00,108.20,8.00,18.20,NULL,0.00),(202,'OSLO CARRIER 2','SINGAPUR','SINGAPORE',6668.00,107.00,8.29,18.20,NULL,0.00),(203,'OSLO CARRIER 3','SINGAPUR','SINGAPUR ',6668.00,107.40,800.00,18.20,NULL,0.00),(204,'OSLO EAGLE','ISLAS MARSHHAL','MAJURO',36352.00,199.90,12.00,32.26,NULL,0.00),(205,'OSLO FOREST 1','NORUEGA','OSLO ',6693.00,116.26,8.20,18.00,NULL,0.00),(206,'OSLO FOREST 2','NORUEGA','OSLO',6693.00,116.26,7.82,17.80,NULL,0.00),(207,'OSLO FOREST 3','NORUEGA','OSLO',6693.00,116.26,7.80,17.80,NULL,0.00),(208,'OSOGOVO','MALTA','VALLETA',19906.00,186.00,10.40,23.70,NULL,0.00),(209,'PACIFIC ADVANCE','HONG KONG','HONG KONG',36449.00,200.00,7.17,32.26,NULL,0.00),(210,'PACIFIC CYPRESS','PANAMÁ','PANAMÁ',23273.00,179.97,15.00,29.80,NULL,0.00),(211,'PACIFIC TALENT','HONG KONG','HONG KONG',34590.00,199.90,13.03,32.24,NULL,0.00),(212,'PAXI','PORTUGAL','MADEIRA',18096.00,169.54,9.70,27.20,NULL,0.00),(213,'PLACID SEA','PANAMÁ','PANAMÁ',46931.00,189.90,12.50,32.26,NULL,0.00),(214,'PNOI','PANAMÁ','PANAMÁ',20236.00,177.13,10.02,28.40,NULL,0.00),(215,'PODLASIE','BAHAMAS','NASSAU',24109.00,189.94,10.60,28.50,NULL,0.00),(216,'POMORZE','BAHAMAS','NASSAU',24109.00,189.90,10.58,28.20,NULL,0.00),(217,'PPS LUCK','SINGAPORE','SINGAPORE',30811.00,189.90,12.00,32.26,NULL,0.00),(218,'PRAETORIUS','ISLAS MARSHALL','MAJURO',17018.00,169.37,9.82,27.20,NULL,0.00),(219,'PRINCESS MARGO','ISLAS MARSHALL','MAJURO',35812.00,199.90,13.32,32.26,NULL,0.00),(220,'PROGRESS','HOLANDESA','ROTTERDAM ',4106.00,118.40,6.09,13.35,NULL,0.00),(221,'QUEEN','ISLAS MARSHALL','MAJURO',32287.00,1889.99,12.82,32.26,NULL,0.00),(222,'RED DIAMOND','LIBERIA','MONROVIA',32637.00,190.00,12.62,32.26,NULL,0.00),(223,'RHODOS','BAHAMAS ','NASSSAU',33280.00,190.00,13.00,30.00,NULL,0.00),(224,'RODOPI','MALTA','VALLETA',19906.00,186.00,10.00,28.00,NULL,0.00),(225,'ROGALAND','ANTIGUA','ST.JOHN´S',6668.00,107.00,8.25,18.20,NULL,0.00),(226,'ROZTOCZE','BAHAMAS','NASSAU',24109.00,189.90,10.58,32.26,NULL,0.00),(227,'S NEPTUNE','PANAMÁ','PANAMÁ',18462.00,169.90,10.06,27.00,NULL,0.00),(228,'SEA DISCOVERY','CHIPRE','LIMASSOL',6872.00,109.80,8.25,18.00,NULL,0.00),(229,'SEA ENDURANCE','CYPRUS','LIMASSOL',6872.00,109.90,8.00,18.20,NULL,0.00),(230,'SEA EXPLORER','CHIPRIOTA','LIMASSOL',6872.00,109.80,8.00,18.20,NULL,0.00),(231,'SEA PROSPECT','CHIPRE','LIMASSOL',6872.00,109.90,8.25,18.20,NULL,0.00),(232,'SEA STEAMER','SINGAPORE','SINGAPORE',6668.00,107.00,8.29,18.20,NULL,0.00),(233,'SEACON8','HONG KONG','HONG KONG ',33044.00,189.90,12.00,32.26,NULL,0.00),(234,'SELAMET','PANAMÁ','PANAMÁ',14762.00,154.38,9.72,26.00,NULL,0.00),(235,'SERENITY','LIBERIA','MONROVIA',22683.00,186.40,11.15,27.80,NULL,0.00),(236,'SHARK ISLAND','HONG KONG ','HONG KONG ',32440.00,189.90,10.59,32.26,NULL,0.00),(237,'SHARP ISLAND','HONG KONG','HONG KONG',34921.00,199.98,13.01,32.24,NULL,0.00),(238,'SIDER ATLANTIC','PORTUGAL','PORTO SANTO',25545.00,157.00,10.00,24.80,NULL,0.00),(239,'SIDER BILBAO','PORTUGAL','PORTO SANTO',9177.00,136.46,8.62,21.20,NULL,0.00),(240,'SIDER LUCK','PORTUGAL','PORTO SANTO',15861.00,157.20,9.00,26.80,NULL,0.00),(241,'SIDER MONTEDIPROCIDA ','HONG KONG','HONG KONG',23300.00,180.00,10.00,29.80,NULL,0.00),(242,'SIDER ONDA','ISLAS MARSHALL','MAJURO',23856.00,183.00,10.12,30.60,NULL,0.00),(243,'SIMPLE HONESTY','LIBERIA','MONROVIA',34508.00,199.90,13.00,32.24,NULL,0.00),(244,'SIRIUS','ISLAS NARSHALL','MAJURO',23456.00,180.00,6.10,30.00,NULL,0.00),(245,'SPAR ARIES','NORUEGA','BERGEN',36311.00,199.90,12.00,32.26,NULL,0.00),(246,'SPAR PYXIS','NORUEGA','BERGEN',36311.00,199.90,13.30,32.26,NULL,0.00),(247,'ST.PAUL','BAHAMAS','NASSAU',22856.00,177.85,10.87,28.60,NULL,0.00),(248,'STAR MAINE','ISLAS MARSHALL ','MAJURO',34815.00,199.90,11.50,13.26,NULL,0.00),(249,'STARVIP','MALTA','VALLETTA',12899.00,147.30,9.50,22.50,NULL,0.00),(250,'STH CHIBA','ISLAS MARSHALL','MAJURO',34551.00,200.00,12.98,32.25,NULL,0.00),(251,'STRATEGIC VISION','SINGAPORE','SINGAPORE',22662.00,186.40,6.10,27.85,NULL,0.00),(252,'SUMATRA','LIBERIA','MONROVIA',25569.00,180.00,10.50,31.99,NULL,0.00),(253,'SUNNY GRACE','PANAMÁ','PANAMÁ',29753.00,189.00,12.00,32.26,NULL,0.00),(254,'SUPER CAROLINE','ISLAS MARSHALL ','MAJURO',21192.00,179.90,10.20,28.20,NULL,0.00),(255,'TEGEA','ISLAS CAYMAN','GEORGE TOWN',31243.00,189.99,12.57,32.25,NULL,0.00),(256,'TEONA','PANAMEÑA','PANAMÁ',5510.00,120.40,6.80,17.00,NULL,0.00),(257,'THOR CHAIYO','SINGAPUR','SINGAPUR',32379.00,189.90,14.00,32.26,NULL,0.00),(258,'TIBERIUS','ISLAS MARSHALL','MAJURO',21163.00,177.00,9.82,28.80,NULL,0.00),(259,'TIGER HEBEI','HONG KONG ','HONG KONG ',36322.00,199.90,13.00,32.26,NULL,0.00),(260,'TOP GRACE','PANAMA ','PANAMA',34593.00,199.90,12.00,32.26,NULL,0.00),(261,'TRANSMAR','LETONIA','RIGA',2820.00,89.72,5.83,13.60,NULL,0.00),(262,'TRIGON TRADER','PANAMÁ','PANAMÁ',35906.00,199.90,13.50,32.26,NULL,0.00),(263,'TUNA','HOLANDESA','DELFZIJL',2810.00,89.00,5.85,13.35,NULL,0.00),(264,'ULTRA CORY','PANAMEÑA','PANAMÁ',34794.00,199.98,13.01,32.24,NULL,0.00),(265,'ULTRA COURAGE','PHILIPINAS','MANILA',35906.00,199.90,12.91,32.26,NULL,0.00),(266,'ULTRA DEDICATION','SINGAPUR','SINGAPORE',35832.00,199.98,13.42,32.24,NULL,0.00),(267,'ULTRA DYNAMIC','SINGAPUR','SINGAPORE',34914.00,199.98,13.01,32.24,NULL,0.00),(268,'ULTRA GUJARAT','LIBERIA','MONROVIA',33910.00,199.90,12.00,32.26,NULL,0.00),(269,'ULTRA INTEGRITY','ISLAS MARSHALL ','MAJURO',34781.00,199.90,12.00,32.26,NULL,0.00),(270,'ULTRA QUALITY','LIBERIA','MONROVIA',35882.00,199.98,19.15,32.24,NULL,0.00),(271,'ULTRA REGINA','PANAMA','PANAMA ',34794.00,199.90,12.00,32.26,NULL,0.00),(272,'ULTRA WOLLONGONG','BAHAMAS','NASSAU',33894.00,199.98,12.85,32.26,NULL,0.00),(273,'UNITY ENDEAVOUR','BAHAMAS ','NASSAU',34617.00,199.99,12.00,32.26,NULL,0.00),(274,'VANCOUVERBORG','HOLANDESA','DELFZIJL',6361.00,132.23,7.77,15.87,NULL,0.00),(275,'VARNEBANK','HOLANDESA','DELFZIJL',6130.00,132.23,7.34,15.87,NULL,0.00),(276,'VERTOM MERIDIAN','LUXEMBURGO','LUXEMBURGO',5887.00,128.40,6.80,14.00,NULL,0.00),(277,'VIYADA NAREE','SINGAPORE','SINGAPORE',24235.00,182.00,10.50,30.00,NULL,0.00),(278,'WAALDIJK','HOLANDESA','GRONINGEN ',2984.00,89.95,6.25,14.40,NULL,0.00),(279,'WILSON CADIZ','BARBADOS','BRIDGETOWN',2999.00,99.90,5.68,12.80,NULL,0.00),(280,'WILSON DURNESS ','BARBADOS','BRIDGENTOWN',2452.00,87.90,5.00,12.00,NULL,0.00),(281,'WILSON FINNFJORD','BARBADOS','BRIDGETOWN',3561.00,89.95,5.80,15.40,NULL,0.00),(282,'WILSON HUMBER ','BARBADOS','BRIDGENTOWN',3092.00,89.90,6.20,16.00,NULL,0.00),(283,'WILSON ODRA','BARBADOS','BRIDGETOWN',1846.00,89.70,4.50,11.60,NULL,0.00),(284,'XI HU','ISLAS MARSHALL','MAJURO',36337.00,199.90,13.30,32.26,NULL,0.00),(285,'XIN AN TUANG','CHINA','GUANGZHOU',30963.00,199.90,12.52,32.26,NULL,0.00),(286,'XING SHOU HAI','HONG KONG','HONG KONG',34624.00,199.99,12.95,32.25,NULL,0.00),(287,'YEOMAN BANK ','LIBERIA','MONROVIA',24870.00,207.00,12.00,28.00,NULL,0.00),(288,'ZILTBORG','HOLANDESA','DELFZIJL',4938.00,118.50,8.00,18.60,NULL,0.00),(289,'ZOITSA SIGALA ','ISLAS MARSHALL ','MAJURO ',35812.00,199.90,12.00,32.26,NULL,0.00);
UNLOCK TABLES;

DROP TABLE IF EXISTS `estancia_de_buque`;
CREATE TABLE `estancia_de_buque` (
  `id` int NOT NULL AUTO_INCREMENT,
  `numero` varchar(7) NOT NULL,
  `t2l` varchar(50) DEFAULT NULL,
  `dua` varchar(50) DEFAULT NULL,
  `entrada` date DEFAULT NULL,
  `salida` date DEFAULT NULL,
  `carga` decimal(10,2) DEFAULT '0.00',
  `material` varchar(50) NOT NULL DEFAULT 'yeso',
  `cargador_id` int DEFAULT NULL,
  `buque_id` int NOT NULL,
  `capitan` varchar(100) DEFAULT NULL,
  `armador_id` int NOT NULL,
  `origen` varchar(50) DEFAULT NULL,
  `destino` varchar(50) DEFAULT NULL,
  `puerto` varchar(50) NOT NULL DEFAULT 'garrucha',
  `arrival_on_the_road` datetime DEFAULT NULL,
  `entrada_fondeadero` datetime DEFAULT NULL,
  `salida_fondeadero` datetime DEFAULT NULL,
  `atraque_puerto` datetime DEFAULT NULL,
  `inicio_carga` datetime DEFAULT NULL,
  `fin_carga` datetime DEFAULT NULL,
  `salida_puerto` datetime DEFAULT NULL,
  `observaciones` text,
  PRIMARY KEY (`id`),
  UNIQUE KEY `numero` (`numero`),
  KEY `cargador_id` (`cargador_id`),
  KEY `armador_id` (`armador_id`),
  KEY `buque_id` (`buque_id`),
  CONSTRAINT `estancia_de_buque_ibfk_1` FOREIGN KEY (`cargador_id`) REFERENCES `cliente` (`id`) ON DELETE RESTRICT,
  CONSTRAINT `estancia_de_buque_ibfk_2` FOREIGN KEY (`armador_id`) REFERENCES `cliente` (`id`) ON DELETE RESTRICT,
  CONSTRAINT `estancia_de_buque_ibfk_3` FOREIGN KEY (`buque_id`) REFERENCES `buque` (`id`) ON DELETE RESTRICT
);

LOCK TABLES `estancia_de_buque` WRITE;
-- INSERT INTO `estancia_de_buque` VALUES (134,'1/22','22ES000411L0000054','','2022-01-02','2022-01-03',4519.00,'YESO',220,181,'J.M.URRUTIA UCH',126,'ALGECIRAS','DROGHEDA','GARRUCHA','2022-01-02 08:30:00','2022-01-10 00:00:00','2022-01-10 00:00:00','2022-01-02 09:30:00','2022-01-03 08:10:00','2022-01-03 15:30:00',NULL,NULL),(135,'2/22','','22ES00041110000260','2022-01-01','2022-01-04',49075.00,'YESO',220,266,'SHEN HUI',148,'SETUBAL','BRISTOL (USA)','GARRUCHA','2022-01-01 08:30:00','2022-01-01 08:30:00','2022-01-03 05:40:00','2022-01-03 07:18:00','2022-01-03 08:20:00','2022-01-04 13:50:00',NULL,NULL),(136,'3/22','22ES000411L0000070','','2022-01-04','2022-01-04',3341.00,'YESO',220,110,'EVGENII PISAREV',91,'GANDIA','DROGHEDA','GARRUCHA','2022-01-04 11:35:00','2022-01-04 00:00:00','2022-01-04 00:00:00','2022-01-04 12:00:00','2022-01-04 14:15:00','2022-01-04 18:24:00',NULL,NULL),(137,'4/22','','0005817/0005833','2022-01-01','2022-01-05',48850.00,'YESO',220,76,'REY CHARLES/BRI',110,'PORTO MARGHERA','LAGOS','GARRUCHA','2022-01-01 19:00:00','2022-01-01 20:00:00','2022-01-04 19:42:00','2022-01-04 21:12:00','2022-01-05 06:20:00','2022-01-05 22:00:00',NULL,NULL),(138,'5/22','','22ES00041110005726','2022-01-05','2022-01-05',9103.00,'YESO',220,202,'ROMAN SUKHORUKO',107,'KIMGSTON(JAMAIC','FREDRIKSTAD','GARRUCHA','2022-01-05 02:00:00','2022-01-05 02:30:00','2022-01-05 05:50:00','2022-01-05 07:15:00','2022-01-05 08:15:00','2022-01-05 21:20:00',NULL,NULL),(139,'6/22','22ES000411L0000089','','2022-01-03','2022-01-07',33000.00,'YESO',221,210,'NOEL TERMINEZ R',120,'ORAN','FLUSHING,NL.','GARRUCHA','2022-01-03 11:15:00','2022-01-03 11:54:00','2022-01-06 08:18:00','2022-01-06 09:54:00','2022-01-07 08:10:00','2022-01-07 22:00:00',NULL,NULL),(140,'7/22','','22ES00041110007527','2022-01-06','2022-01-07',4507.00,'YESO',221,165,'STANISLAV YURKO',151,'HUELVA','RIDHAM (UK)','GARRUCHA','2022-01-06 16:50:00','2022-01-06 00:00:00','2022-01-06 00:00:00','2022-01-06 17:30:00','2022-01-07 08:10:00','2022-01-07 17:00:00',NULL,NULL),(141,'8/22','','22ES00041110010324','2022-01-03','2022-01-10',45300.00,'YESO',220,96,'SERGEY KHRAMOV ',142,'CASTELLON','SAVANNAH','GARRUCHA','2022-01-03 15:00:00','2022-01-03 15:14:00','2022-01-09 08:51:00','2022-01-09 10:54:00','2022-01-10 07:15:00','2022-01-10 20:45:00',NULL,NULL),(142,'9/22','','22ES00041110010217','2022-01-08','2022-01-10',3931.00,'YESO',220,154,'VLADIMIR UDALTS',93,'LIVORNO','RIDHAM (UK)','GARRUCHA','2022-01-08 08:00:00','2022-01-08 08:10:00','2022-01-09 08:40:00','2022-01-09 09:30:00','2022-01-10 07:15:00','2022-01-10 12:40:00',NULL,NULL),(143,'10/22','','22ES00041110012184','2022-01-06','2022-01-11',31210.00,'YESO',221,135,'PAWEL P.WAJGETT',136,'CASABLANCA','IMMINGHAM','GARRUCHA','2022-01-06 09:10:00','2022-01-06 09:10:00','2022-01-10 21:55:00','2022-01-10 23:30:00','2022-01-11 07:00:00','2022-01-11 21:45:00',NULL,NULL),(144,'11/22','','22ES00041110013154','2022-01-06','2022-01-13',39200.00,'CALIZA',221,190,'U. UZUN',153,'CASTELLON ','CONAKRY','GARRUCHA','2022-01-06 18:30:00','2022-01-06 13:30:00','2022-01-11 23:05:00','2022-01-12 00:30:00','2022-01-12 08:10:00','2022-01-13 12:50:00',NULL,NULL),(145,'12/22','','22ES00041110014555','2022-01-12','2022-01-13',4480.00,'YESO',221,278,'S. GRIGORY',151,'SAGUNTO ','BREVIK','GARRUCHA','2022-01-12 15:30:00','2022-01-12 00:00:00','2022-01-12 00:00:00','2022-01-12 16:15:00','2022-01-13 07:50:00','2022-01-13 13:40:00',NULL,NULL),(146,'13/22','','22ES00041110021425','2022-01-14','2022-01-15',22000.00,'YESO',220,212,'Y. PYLYPENKO',136,'BAYONNE','SOUTHAMPTON','GARRUCHA','2022-01-14 13:13:00','2022-01-14 00:00:00','2022-01-14 00:00:00','2022-01-14 14:00:00','2022-01-14 15:15:00','2022-01-15 11:35:00',NULL,NULL),(147,'14/22','','22ES00041100022601','2022-01-16','2022-01-17',4183.00,'YESO',220,174,'J.J.RIOS DELGAD',129,'HUELVA','ARGUINEGUIN','GARRUCHA','2022-01-16 08:45:00','2022-01-16 00:00:00','2022-01-16 00:00:00','2022-01-16 09:30:00','2022-01-17 08:15:00','2022-01-17 17:15:00',NULL,NULL),(148,'15/22','22ES000411L0000145','','2022-01-17','2022-01-18',8661.00,'YESO',220,230,'OLEG POROKHIN',107,'CASABLANCA','KANTVIK','GARRUCHA','2022-01-17 22:40:00','2022-01-17 00:00:00','2022-01-17 00:00:00','2022-01-17 23:35:00','2022-01-18 07:10:00','2022-01-18 15:45:00',NULL,NULL),(149,'16/22','22ES000411L0000137','','2022-01-19','2022-01-19',4062.00,'YESO',221,279,'ALEX. SOFRONOV',154,'SEVILLA','SLITE','GARRUCHA','2022-01-19 05:50:00','2022-01-19 00:00:00','2022-01-19 00:00:00','2022-01-19 06:30:00','2022-01-19 10:15:00','2022-01-19 14:00:00',NULL,NULL),(150,'17/22','','22ES00041110030337','2022-01-19','2022-01-20',4168.00,'YESO',221,281,'NIK.KOCHEGAROV',154,'SAGUNTO','BREVIK','GARRUCHA','2022-01-19 14:40:00','2022-01-19 00:00:00','2022-01-19 00:00:00','2022-01-19 15:05:00','2022-01-20 06:30:00','2022-01-20 11:30:00',NULL,NULL),(151,'18/22','','22ES00041110010030286','2022-01-19','2022-01-20',38340.00,'YESO',221,173,'DONG XIUMING',148,'CASTELLON','COTONOU','GARRUCHA','2022-01-19 21:00:00','2022-01-19 00:00:00','2022-01-19 00:00:00','2022-01-19 22:00:00','2022-01-20 06:20:00','2022-01-20 17:50:00',NULL,NULL),(152,'19/22','','22ES00041110033555','2022-01-20','2022-01-21',4513.00,'YESO',221,99,'MAXIM VAULIN',151,'SEVILLA','RIDHAM (UK)','GARRUCHA','2022-01-20 00:20:00','2022-01-20 00:35:00','2022-01-20 12:40:00','2022-01-20 13:45:00','2022-01-20 15:10:00','2022-01-21 11:15:00',NULL,NULL),(153,'20/22','22ES000411L0000161','','2022-01-20','2022-01-21',7400.00,'YESO',220,205,'V. PODRIZ',107,'BEJAIA ','BALSTA ','GARRUCHA','2022-01-20 03:00:00','2022-01-20 03:00:00','2022-01-20 19:00:00','2022-01-20 20:20:00','2022-01-21 07:20:00','2022-01-21 11:50:00',NULL,NULL),(154,'21/22','22ES000411L0000153','','2022-01-20','2022-01-22',2206.94,'GRAVA',219,283,'V POLYAKOV',154,'LAS PALMAS ','BOULOGNE SUR MER ','GARRUCHA','2022-01-20 15:35:00','2022-01-20 15:40:00','2022-01-21 12:25:00','2022-01-21 13:30:00','2022-01-22 08:10:00','2022-01-22 11:25:00',NULL,NULL),(155,'22/22','22ES000411L0000170','','2022-01-21','2022-01-22',6505.00,'YESO',220,229,'I. GARBUZ',107,'BEJAIA ','BALSTA','GARRUCHA','2022-01-21 06:30:00','2022-01-21 06:50:00','2022-01-21 13:00:00','2022-01-21 14:30:00','2022-01-21 15:15:00','2022-01-22 10:30:00',NULL,NULL),(156,'23/22','','22ES000411100155','2022-01-20','2022-01-27',59800.00,'YESO',221,243,'J. DANNY ANG',148,'PIOMBINO','SEPETIBA','CARBONERAS','2022-01-20 22:42:00','2022-01-20 22:42:00','2022-01-29 07:12:00','2022-01-29 08:25:00','2022-01-29 09:15:00','2022-01-30 06:00:00',NULL,NULL),(157,'24/22','','37601/37228','2022-01-21','2022-01-25',50750.00,'YESO',220,172,'E. NIKOLAKIS',155,'CASTELLON','TAMPA ','GARRUCHA','2022-01-21 21:00:00','2022-01-21 21:14:00','2022-01-23 17:00:00','2022-01-23 18:35:00','2022-01-24 06:20:00','2022-01-25 12:45:00',NULL,NULL),(158,'25/22','','22ES00041110043627','2022-01-24','2022-01-27',32000.00,'YESO',220,242,'G. GRAMOULAKIS',136,'PORTO VESME ','TEESPORT','GARRUCHA','2022-01-24 11:50:00','2022-01-24 12:40:00','2022-01-27 06:15:00','2022-01-27 07:20:00','2022-01-27 08:20:00','2022-01-27 21:10:00',NULL,NULL),(159,'26/22','','22ES00041110045940','2022-01-26','2022-01-28',13120.00,'CALIZA',221,47,'Z. HONGHAO',137,'ANNABA','FREETOWN','GARRUCHA','2022-01-25 23:42:00','2022-01-26 00:42:00','2022-01-27 22:18:00','2022-01-27 23:42:00','2022-01-28 08:20:00','2022-01-28 14:20:00',NULL,NULL),(160,'27/22','','0315/0366/0414','2022-01-25','2022-01-29',40100.00,'YESO',221,187,'R. GUZHAN',153,'ALGECIRAS ','TEMA','GARRUCHA','2020-01-25 00:01:00','2022-01-25 00:24:00','2022-01-28 16:00:00','2022-01-28 17:30:00','2022-01-28 18:36:00','2022-01-29 13:00:00',NULL,NULL),(161,'28/22','','22ES00041110052828','2022-01-30','2022-01-31',8724.00,'YESO',220,228,'F. EVGENY',107,'NADOR','FREDRIKSTAD','GARRUCHA','2022-01-30 08:10:00','2022-01-30 00:00:00','2022-01-30 00:00:00','2022-01-30 08:45:00','2022-01-31 07:30:00','2022-01-31 17:30:00',NULL,NULL),(162,'29/22','22ES000411L0000196','','2022-01-26','2022-01-31',32070.00,'YESO',221,39,'Z. HAOXU',120,'CASABLANCA ','FLUSHING','GARRUCHA','2022-01-26 10:54:00','2022-01-26 11:20:00','2022-01-30 07:48:00','2022-01-30 09:54:00','2022-01-31 07:10:00','2022-01-31 20:05:00',NULL,NULL),(163,'30/22','','22ES000411L0052978','2022-01-28','2022-02-01',25500.00,'YESO',221,192,'ASKIN KARAMUS',136,'CASTELLON','IMMINGHAM','GARRUCHA','2022-01-27 15:35:00','2022-02-27 15:50:00','2022-01-01 21:10:00','2022-01-31 22:55:00','2022-02-01 07:15:00','2022-02-01 20:00:00',NULL,NULL),(164,'31/22','','22ES00041110054969','2022-02-01','2022-02-02',4580.00,'YESO',221,60,'TOMASZ STRUCZKO',94,'TARRAGONA','KJOEPSVIK','GARRUCHA','2022-02-01 20:45:00','2022-02-01 00:00:00','2022-02-01 00:00:00','2022-02-01 21:42:00','2022-02-02 06:30:00','2022-02-02 18:20:00',NULL,NULL),(165,'32/22','','22ES00041110057938/839','2022-01-30','2022-02-02',52350.00,'YESO',220,264,'JEFFRY HUKOM',148,'TARRAGONA','LAGOS','GARRUCHA','2022-01-30 19:06:00','2022-01-30 19:06:00','2022-02-01 22:00:00','2022-02-01 23:48:00','2022-02-02 06:20:00','2022-02-02 22:00:00',NULL,NULL),(166,'34/22','22ES000411L0000210','','2022-02-03','2022-02-04',3835.00,'YESO',221,163,'ERIK M.ANDRINGA',114,'ALICANTE','LIDKOPING','GARRUCHA','2022-02-03 22:25:00','2022-02-03 00:00:00','2022-02-03 00:00:00','2022-02-03 23:00:00','2022-02-04 08:20:00','2022-02-04 14:05:00',NULL,NULL),(167,'35/22','22ES000411L0000260','','2022-02-06','2022-02-07',8943.00,'YESO',220,193,'Y. VACHKOV',107,'MOSTAGANEM','KALUNDBORG','GARRUCHA','2022-02-06 22:00:00','2022-02-06 00:00:00','2022-02-06 00:00:00','2022-02-06 22:25:00','2022-02-07 08:10:00','2022-02-07 14:15:00',NULL,NULL),(168,'36/22','','22ES00041110071951','2022-02-07','2022-02-08',35510.00,'YESO',221,287,'R. CICIEVSKY',156,'LIVERPOOL','BRISTOL','GARRUCHA','2022-02-07 17:30:00','2022-02-07 00:00:00','2022-02-07 00:00:00','2022-02-07 18:30:00','2022-02-08 07:20:00','2022-02-08 17:15:00',NULL,NULL),(169,'37/22','','22ES00041110072129','2022-02-07','2022-02-09',32000.00,'YESO',220,277,'PRAJAK NOISRI',136,'ALEXANDRIA','TEESPORT','GARRUCHA','2022-02-07 23:50:00','2022-02-08 00:05:00','2022-02-08 18:12:00','2022-02-08 20:18:00','2022-02-09 08:10:00','2022-02-09 20:00:00',NULL,NULL),(170,'38/22','22ES000411L0000450378','','2022-02-09','2022-02-09',9103.00,'YESO',220,202,'ROMAN SUKHORVKO',107,'BEJAIA','KALUNDBORG','GARRUCHA','2022-02-09 09:55:00','2022-02-14 00:00:00','2022-02-14 00:00:00','2022-02-09 10:30:00','2022-02-09 11:00:00','2022-02-09 19:10:00',NULL,NULL),(171,'39/22','','22ES00041110078324','2022-02-10','2022-02-11',45224.00,'YESO',220,246,'SIVAKOTI LAKSHM',141,'BREMEN','NEWINGTON','GARRUCHA','2022-02-10 01:00:00','2022-02-10 01:42:00','2022-02-10 05:42:00','2022-02-10 07:06:00','2022-02-10 08:15:00','2022-02-11 12:05:00',NULL,NULL),(172,'40/22','22ES000411L0000279','','2022-02-09','2022-02-10',6232.00,'YESO',221,101,'JAN DIJKMAN',151,'TARRAGONA','SLITE','GARRUCHA','2022-02-09 16:15:00','2022-02-09 16:15:00','2022-02-09 20:45:00','2022-02-09 21:55:00','2022-02-10 08:15:00','2022-02-10 18:15:00',NULL,NULL),(173,'41/22','22ES000411L0000300','','2022-02-10','2022-02-12',31000.00,'YESO',220,53,'YAN ZHIGANG',136,'ARGEL','ROTTERDAM','GARRUCHA','2022-02-10 06:30:00','2022-02-10 06:30:00','2022-02-11 13:08:00','2022-02-11 14:48:00','2022-02-11 15:30:00','2022-02-12 11:00:00',NULL,NULL),(174,'42/22','22ES000411L0000295','','2022-02-13','2022-02-14',1325.00,'MARMOL',222,54,'PETRAS BALTMISK',147,'ORISTANO','PORT DU PONTET','GARRUCHA','2022-02-13 08:00:00','2022-02-13 00:00:00','2022-02-13 00:00:00','2022-02-13 09:20:00','2022-02-14 07:10:00','2022-02-14 10:20:00',NULL,NULL),(175,'43/22','','22ES00041110087509','2022-02-15','2022-02-15',22000.00,'YESO',220,214,'ALI NASSER',136,'AGADIR','SOUTHAMPTON(UK)','GARRUCHA','2022-02-15 04:30:00','2022-02-15 00:00:00','2022-02-15 00:00:00','2022-02-15 06:55:00','2022-02-15 08:15:00','2022-02-15 17:30:00',NULL,NULL),(176,'44/22','','22ES00041110092589/744','2022-02-15','2022-02-16',51745.00,'YESO',220,284,'PARSHANT PRASMA',148,'JORF LASFAR','LAGOS','GARRUCHA','2022-02-15 08:24:00','2022-02-15 11:30:00','2022-02-15 19:18:00','2022-02-15 21:00:00','2022-02-16 06:15:00','2022-02-16 21:20:00',NULL,NULL),(177,'45/22','22ES000411L0000394','','2022-02-16','2022-02-16',8630.00,'YESO',220,230,'OLEG POROKHIN',107,'MOSTAGANEM','NAANTALI','GARRUCHA','2022-02-16 05:30:00','2022-02-16 00:00:00','2022-02-16 00:00:00','2022-02-16 06:40:00','2022-02-16 07:30:00','2022-02-16 19:15:00',NULL,NULL),(178,'46/22','','22ES00041110095440/24/','2022-02-17','2022-02-18',52100.00,'YESO',221,191,'BURAK DELIGOZ',153,'CIVITAVECCHIA','TEMA/TAKORADI','GARRUCHA','2022-02-17 09:30:00','2022-02-17 00:00:00','2022-02-17 00:00:00','2022-02-17 10:45:00','2022-02-17 14:15:00','2022-02-18 14:15:00',NULL,NULL),(179,'33/22','','22ES00041110060347','2022-02-01','2022-02-04',40070.00,'YESO',220,118,'A. NARTE',110,'BEJAIA ','BUCHANAN','GARRUCHA','2022-02-01 23:00:00','2022-02-01 23:30:00','2022-02-03 05:48:00','2022-02-03 07:36:00','2022-02-03 08:30:00','2022-02-04 18:30:00',NULL,NULL),(180,'48/22','','22ES00041110102643','2022-02-19','2022-02-22',47000.00,'YESO',220,197,'REMEGIO O.OCHEN',141,'CARTAGENA','SAVANNAH,USA.','GARRUCHA','2022-02-19 09:00:00','2022-02-19 09:00:00','2022-02-21 05:32:00','2022-02-21 07:12:00','2022-02-21 08:00:00','2022-02-22 13:55:00',NULL,NULL),(181,'49/22','','22ES00041510000302','2022-02-20','2022-02-22',58400.00,'YESO',221,286,'TANG WENTAO',115,'BARCELONA','SEPETIBA','CARBONERAS','2022-02-20 18:40:00','2022-02-20 00:00:00','2022-02-20 00:00:00','2022-02-20 19:42:00','2022-02-21 06:40:00','2022-02-22 04:30:00',NULL,NULL),(182,'50/22','22ES000411L0000442','','2022-02-21','2022-02-22',7450.00,'YESO',220,205,'VYACHESLAV PODR',107,'CASABLANCA','BALSTA(SUECIA)','GARRUCHA','2022-02-21 18:40:00','2022-02-21 00:00:00','2022-02-21 00:00:00','2022-02-21 19:20:00','2022-02-22 08:10:00','2022-02-22 16:55:00',NULL,NULL),(183,'51/22','','22ES00041110107844','2022-02-22','2022-02-23',49250.00,'YESO',220,195,'YUSUF DURMAZ',133,'BEJAIA','BALTIMORE (USA)','GARRUCHA','2022-02-22 16:00:00','2022-02-22 00:00:00','2022-02-22 00:00:00','2022-02-22 19:20:00','2022-02-23 06:15:00','2022-02-23 20:30:00',NULL,NULL),(184,'52/22','22ES000411L0000426','','2022-02-23','2022-02-24',6300.00,'YESO',220,66,'G.CALDERÓN S',126,'MOTRIL','DROGHEDA','GARRUCHA','2022-02-23 14:36:00','2022-02-23 00:00:00','2022-02-23 00:00:00','2022-02-23 15:36:00','2022-02-23 16:45:00','2022-02-24 10:55:00',NULL,NULL),(185,'53/22','','22ES00041110110858','2022-02-24','2022-02-25',4530.00,'YESO',221,145,'ALEX.ZUBAREV',151,'ORAN','BREVIK','GARRUCHA','2022-02-24 08:00:00','2022-02-24 08:15:00','2022-02-24 15:10:00','2022-02-24 16:15:00','2022-02-24 17:20:00','2022-02-25 10:00:00',NULL,NULL),(186,'47/22','','22ES00041110114790','2022-02-25','2022-02-25',3350.00,'YESO',221,67,'Z. ANDRII',151,'TENNES','SITTINGBOURNE','GARRUCHA','2022-02-25 11:35:00','2022-02-25 00:00:00','2022-02-25 00:00:00','2022-02-25 12:30:00','2022-02-25 16:30:00','2022-02-25 22:30:00',NULL,NULL),(187,'54/22','','22ES00041110114955','2022-02-17','2022-02-25',28600.00,'YESO',221,208,'D. PASATOV',138,'DAKAR','HULL','GARRUCHA','2022-02-17 15:30:00','2022-02-17 15:30:00','2022-02-24 12:45:00','2022-02-24 13:55:00','2022-02-24 15:20:00','2022-02-25 14:25:00',NULL,NULL),(188,'56/22','22ES000411L0000434','','2022-02-25','2022-02-26',6164.00,'YESO',221,220,'M. KANENIUKA',151,'FIGUEIRA DA FOZ','SLITE ','GARRUCHA','2022-02-25 17:00:00','2022-02-25 00:00:00','2022-02-25 00:00:00','2022-02-25 18:30:00','2022-02-26 07:10:00','2022-02-26 11:30:00',NULL,NULL),(189,'57/22','22ES000411L0000469','','2022-02-26','2022-02-28',6500.00,'YESO',220,203,'S. SADOVSKIY',107,'BEJAIA ','BALSTA ','GARRUCHA','2022-02-26 06:00:00','2022-02-26 08:00:00','2022-02-27 08:40:00','2022-02-27 09:40:00','2022-02-28 07:10:00','2022-02-28 11:00:00',NULL,NULL),(190,'55/22','22ES000411L0000450','','2022-02-25','2022-03-01',33839.00,'YESO',221,79,'IVANOV IVAN',120,'HUELVA','FLUSHING','GARRUCHA','2022-02-25 07:00:00','2022-02-25 07:20:00','2022-02-28 09:30:00','2022-02-28 11:00:00','2022-03-01 06:10:00','2022-03-01 18:45:00',NULL,NULL),(191,'58/22','','22ES00041110122308/83','2022-02-25','2022-03-02',40000.00,'YESO',221,177,'DENIS TREGUBENK',111,'VIGO','CALABAR','GARRUCHA','2022-02-25 01:30:00','2022-02-25 02:10:00','2022-03-01 19:20:00','2022-03-01 21:54:00','2022-03-02 07:10:00','2022-03-02 18:55:00',NULL,NULL),(192,'59/22','','22ES00041110125460/526','2022-02-25','2022-03-03',50600.00,'YESO',221,90,'EMMANUIL DROSSO',148,'TARRAGONA','CATAGENA(COL)','GARRUCHA','2022-02-26 01:30:00','2022-01-26 01:30:00','2022-03-03 20:15:00','2022-03-02 22:00:00','2022-03-03 06:15:00','2022-03-03 20:20:00',NULL,NULL),(193,'60/22','','22ES00041110129765','2022-03-03','2022-03-04',5046.00,'YESO',220,153,'ANTON BOGDANOV',128,'CASABLANCA','FREDRIKSTAD','GARRUCHA','2022-03-03 18:55:00','2022-03-03 00:00:00','2022-03-03 00:00:00','2022-03-03 19:30:00','2022-03-04 07:10:00','2022-03-04 13:25:00',NULL,NULL),(194,'61/22','','22ES00041110127659','2022-03-02','2022-03-05',13905.00,'YESO',221,121,'CORY HELENY/JOS',124,'GDANSK','HAMILTON,CANADÁ','GARRUCHA','2022-03-02 13:15:00','2022-03-02 14:15:00','2022-03-03 22:10:00','2022-03-03 23:35:00','2022-03-04 09:20:00','2022-03-04 18:30:00',NULL,NULL),(195,'62/22','22ES000411L0000485','','2022-03-04','2022-03-05',8747.00,'YESO',220,231,'LEONID SKRIABNE',107,'CASTELLON','KANTVIK','GARRUCHA','2022-03-04 10:25:00','2022-03-04 10:40:00','2022-03-04 14:40:00','2022-03-04 16:05:00','2022-03-05 07:10:00','2022-03-05 12:10:00',NULL,NULL),(196,'63/22','','22ES00041110132950/894','2022-03-03','2022-03-07',47650.00,'YESO',221,115,'EMMANOVIL PAPAD',132,'VALENCIA','LOME','GARRUCHA','2022-03-03 16:30:00','2022-03-03 16:30:00','2022-03-06 08:40:00','2022-03-06 10:00:00','2022-03-07 07:10:00','2022-03-07 22:30:00',NULL,NULL),(197,'64/22','','22ES00041110137605','2022-03-06','2022-03-07',5417.00,'YESO',220,151,'BOGOCHWALSKI Z.',107,'CASABLANCA','FREDRIKSTAD','GARRUCHA','2022-03-06 15:30:00','2022-03-06 00:00:00','2022-03-06 00:00:00','2022-03-06 16:45:00','2022-03-07 07:10:00','2022-03-07 17:20:00',NULL,NULL),(198,'65/22','','22ES00041110137720/98','2022-03-05','2022-03-09',51920.00,'YESO',220,267,'XIAO TIANYANG',148,'JORF LASFAR','LAGOS','GARRUCHA','2022-03-05 11:18:00','2022-03-05 12:42:00','2022-03-08 05:30:00','2022-03-08 07:18:00','2022-03-08 08:15:00','2022-03-09 13:25:00',NULL,NULL),(199,'66/22','','22ES00041110140817','2022-03-05','2022-03-10',37720.00,'YESO',221,113,'MULLA NAGIB SHA',104,'CARTAGENA','JACKSONVILLE','GARRUCHA','2022-03-05 16:42:00','2022-03-05 16:42:00','2022-03-09 14:18:00','2022-03-09 15:54:00','2022-03-09 16:35:00','2022-03-10 16:20:00',NULL,NULL),(200,'67/22','','22ES00041110144858','2022-03-07','2022-03-11',35200.00,'YESO',220,241,'SOE ZIN TUN',136,'BELFAST','TEESPORT','GARRUCHA','2022-03-07 11:54:00','2022-03-07 11:54:00','2022-03-10 20:06:00','2022-03-10 21:54:00','2022-03-11 07:10:00','2022-03-11 19:15:00',NULL,NULL),(201,'69/22','','22ES00041110145076','2022-03-06','2022-03-12',24750.00,'YESO',221,240,'SINDIK TRIPO',136,'AVEIRA','IMMINGHAM','GARRUCHA','2022-03-16 23:48:00','2022-03-07 00:16:00','2022-03-11 20:00:00','2022-03-11 21:36:00','2022-03-12 06:15:00','2022-03-12 14:35:00',NULL,NULL),(202,'68/22','','22ES00041510000310','2022-03-07','2022-03-11',57040.00,'YESO',221,257,'W. KOSUNSATIT',148,'TARRAGONA','CARTAGENA','CARBONERAS','2022-03-04 18:36:00','2022-03-04 20:40:00','2022-03-10 17:02:00','2022-03-10 19:12:00','2022-03-10 20:30:00','2022-03-11 18:10:00',NULL,NULL),(203,'70/22','22ES000411L0000517','','2022-03-13','2022-03-21',8980.00,'YESO',220,225,'YEVGEN KASILOV',107,'BEJAIA','KALUNDBORG','GARRUCHA','2022-03-13 00:50:00','2022-03-13 01:00:00','2022-03-14 06:33:00','2022-03-14 07:35:00','2022-03-21 16:35:00','2022-03-21 21:35:00',NULL,NULL),(204,'71/22','','22ES00041110149968/','2022-03-12','2022-03-21',10400.00,'YESO',221,219,'DORIN CUZMIN',137,'DJEN DJEN','MONROVIA','GARRUCHA','2022-03-12 22:12:00','2022-03-12 22:55:00','2022-03-17 06:38:00','2022-03-17 08:05:00','2022-03-21 16:35:00','2022-03-21 22:40:00',NULL,NULL),(205,'73/22','22ES000411L000533','','2022-03-20','2022-03-26',8851.00,'YESO',220,189,'ANDREJ BONDAREV',107,'MOSTAGANEM','KANTVIK','GARRUCHA','2022-03-20 23:30:00','2022-03-20 23:40:00','2022-03-25 13:15:00','2022-03-25 14:15:00','2022-03-25 17:10:00','2022-03-25 22:30:00',NULL,NULL),(206,'74/22','','22ES00041110170182','2022-03-23','2022-03-26',3858.00,'YESO',221,261,'ALEKSEY SKVORTS',107,'SAGUNTO','BREVIK','GARRUCHA','2022-03-23 15:15:00','2022-03-23 15:15:00','2022-03-25 18:47:00','2022-03-25 19:45:00','2022-03-26 06:15:00','2022-03-26 11:15:00',NULL,NULL),(207,'75/22','','22ES00041110170878','2022-03-20','2022-03-28',49500.00,'YESO',221,146,'MYKHAILO SHAROV',135,'SFAX','ABIDJAN','GARRUCHA','2022-03-20 22:40:00','2022-03-20 22:40:00','2022-03-27 08:45:00','2022-03-27 13:20:00','2022-03-28 06:30:00','2022-03-28 20:10:00',NULL,NULL),(208,'76/22','22ES000411L0000550','','2022-03-24','2022-03-28',7400.00,'YESO',220,205,'VYACHESLAV PODR',107,'BEJAIA','BALSTA(SUECIA)','GARRUCHA','2022-03-24 23:00:00','2022-03-24 23:10:00','2022-03-27 13:15:00','2022-03-27 14:10:00','2022-03-28 06:15:00','2022-03-28 11:20:00',NULL,NULL),(209,'77/22','22ES000411L0000541','','2022-03-24','2022-03-28',3300.00,'GRAVA',218,131,'NIKOLAY SHASTAK',123,'ORAN','IBIZA','GARRUCHA','2022-03-24 07:40:00','2022-03-24 08:00:00','2022-03-28 13:00:00','2022-03-28 14:10:00','2022-03-28 16:15:00','2022-03-28 19:40:00',NULL,NULL),(210,'78/22','22ES000411L0000568','','2022-03-22','2022-03-29',3981.00,'YESO',220,74,'SOEREN ENGLER',92,'PONTA DELGADA','KALUNDBORG','GARRUCHA','2022-03-22 06:00:00','2022-03-22 06:55:00','2022-03-28 21:48:00','2022-03-28 22:45:00','2022-03-29 07:10:00','2022-03-29 13:30:00',NULL,NULL),(211,'79/22','','186/242/368','2022-03-21','2022-03-30',52600.00,'YESO',221,250,'PYLYP MUDRETSKY',153,'CASTELLON','LIBREVILLE','GARRUCHA','2022-03-21 14:00:00','2022-03-21 14:30:00','2022-03-29 06:36:00','2022-03-29 08:12:00','2022-03-29 09:10:00','2022-03-30 13:00:00',NULL,NULL),(212,'80/22','','22ES00041110177580','2022-03-21','2022-03-31',26620.00,'YESO',221,235,'SALVADOR ALDEA ',102,'GHENT','COEYMANS(N.Y.)','GARRUCHA','2022-03-21 22:12:00','2022-03-21 22:12:00','2022-03-30 15:04:00','2022-03-30 16:12:00','2022-03-30 17:00:00','2022-03-31 09:15:00',NULL,NULL),(213,'81/22','','22ES00041110178103','2022-03-30','2022-03-31',7282.00,'YESO',221,75,'SERGEI ZEMLIALI',98,'CEUTA','BISSAU','GARRUCHA','2022-03-30 16:30:00','2022-03-30 00:00:00','2022-03-30 00:00:00','2022-03-30 17:25:00','2022-03-31 06:10:00','2022-03-31 10:40:00',NULL,NULL),(214,'82/22','','22ES00041110178352','2022-03-27','2022-03-31',8425.00,'YESO',221,224,'D. MKRASENOV',130,'EREGLI','HAMILTON','GARRUCHA','2022-03-27 14:30:00','2022-03-27 16:00:00','2022-03-31 10:55:00','2022-03-31 12:20:00','2022-03-31 14:10:00','2022-03-31 19:00:00',NULL,NULL),(215,'83/22','22ES00041510179290','','2022-03-30','2022-03-31',3615.00,'YESO',221,69,'V. ZHUK',151,'SAGUNTO','SITTINGBOURNE','GARRUCHA','2022-03-30 17:00:00','2022-03-30 17:45:00','2022-03-31 15:45:00','2022-03-31 14:00:00','2022-03-31 15:15:00','2022-03-31 20:40:00',NULL,NULL),(216,'84/22','','22ES00041110178387','2022-03-26','2022-04-01',22900.00,'YESO',221,234,'SEN ILKER',136,'JORF LASFAR','IMMINGHAM','GARRUCHA','2022-03-16 03:00:00','2022-03-26 04:45:00','2022-03-31 20:28:00','2022-03-31 22:10:00','2022-04-01 07:10:00','2022-04-01 19:50:00',NULL,NULL),(217,'85/22','22ES000411L0000576','','2022-03-31','2022-04-01',5752.00,'YESO',221,130,'ANTON SOHULYAYE',127,'CASABLANCA','SLITE','GARRUCHA','2022-03-31 08:45:00','2022-03-31 09:00:00','2022-03-31 22:00:00','2022-03-31 23:15:00','2022-04-01 07:10:00','2022-04-01 17:15:00',NULL,NULL),(218,'86/22','','22ES00041110184723','2022-03-31','2022-04-02',42630.00,'YESO',220,43,'SOLEH SLEIMAN',141,'JORF LASFAR','NEWINGTON','GARRUCHA','2022-03-31 15:36:00','2022-03-31 16:30:00','2022-04-01 20:24:00','2022-04-01 22:36:00','2022-04-02 06:10:00','2022-04-02 18:30:00',NULL,NULL),(219,'87/22','22ES000411L0000616','','2022-04-05','2022-04-07',9015.00,'YESO',220,229,'I. GARBUZ',107,'CASABLANCA','KOTKA','GARRUCHA','2022-04-05 15:30:00','2022-04-06 13:15:00','2022-04-06 18:10:00','2022-04-06 19:30:00','2022-04-07 07:30:00','2022-04-07 17:15:00',NULL,NULL),(220,'88/22','','192705/192730','2022-04-04','2022-04-07',34000.00,'YESO',220,49,'O. ARKNOV',136,'KOPER','TEESPORT + SOUTHAMPTON','GARRUCHA','2022-04-04 11:45:00','2022-04-04 00:00:00','2022-04-04 00:00:00','2022-04-06 20:30:00','2022-04-07 07:15:00','2022-04-07 16:50:00',NULL,NULL),(221,'89/22','','0000345/0000337','2022-04-05','2022-04-08',38800.00,'YESO',221,117,'M. SHESTOPAL',121,'CASTELLON','CONAKRY','CARBONERAS','2022-04-05 14:00:00','2022-04-06 14:50:00','2022-04-07 05:30:00','2022-04-07 07:45:00','2022-04-07 09:10:00','2022-04-08 15:55:00',NULL,NULL),(222,'90/22','','22ES00041110194126','2022-04-03','2022-04-08',13443.00,'YESO',221,239,'V. TSVETKOV',136,'VALENCIA','IMMINGHAM ','GARRUCHA','2022-04-03 07:30:00','2022-04-06 13:36:00','2022-04-07 18:18:00','2022-04-07 19:50:00','2022-04-08 07:15:00','2022-04-08 12:55:00',NULL,NULL),(223,'91/22','22ES000415L0000632','','2022-04-08','2022-04-08',6648.00,'YESO',220,231,'L. SKIABNEV',107,'BEJAIA ','BALSTA','GARRUCHA','2022-04-08 06:00:00','2022-04-08 00:00:00','2022-04-08 00:00:00','2022-04-08 07:45:00','2022-04-08 10:05:00','2022-04-08 19:10:00',NULL,NULL),(224,'92/22','','22ES00041110198421/72','2022-04-01','2022-04-09',24000.00,'YESO',220,186,'S. JARDENICO',155,'MARSIN','MONROVIA','GARRUCHA','2022-04-01 10:12:00','2022-04-01 11:12:00','2022-04-08 14:18:00','2022-04-08 15:48:00','2022-04-08 16:10:00','2022-04-09 12:50:00',NULL,NULL),(225,'93/22','','22ES00041110203815','2022-04-07','2022-04-09',9390.00,'YESO',220,203,'M. DIACHENKO',107,'BEJAIA','FREDRIKSTAD','GARRUCHA','2022-04-07 12:30:00','2022-04-07 12:50:00','2022-04-08 20:35:00','2022-04-08 22:40:00','2022-04-09 06:15:00','2022-04-09 14:00:00',NULL,NULL),(226,'94/22','22ES000411L0000624','','2022-04-09','2022-04-11',4906.00,'YESO',221,73,'I. GASTEV',98,'JORF LASFAR ','KUNDA ','GARRUCHA','2022-04-09 09:40:00','2022-04-09 09:40:00','2022-04-10 08:00:00','2022-04-10 09:15:00','2022-04-11 07:15:00','2022-04-11 16:50:00',NULL,NULL),(227,'95/22','','0204223/0204240','2022-04-04','2022-04-11',52100.00,'YESO',220,271,'T. BALMORES',148,'CASTELLON','LAGOS','GARRUCHA','2022-04-04 20:25:00','2022-04-06 14:12:00','2022-04-10 08:45:00','2022-04-10 10:30:00','2022-04-11 07:15:00','2022-04-11 21:50:00',NULL,NULL),(228,'96/22','22ES000411L0000659','','2022-04-08','2022-04-12',31200.00,'YESO',221,143,'L. THANH',120,'MALAGA','FLUSHING','GARRUCHA','2022-04-08 00:10:00','2022-04-08 00:40:00','2022-04-11 22:20:00','2022-04-12 00:35:00','2022-04-12 07:15:00','2022-04-12 22:15:00',NULL,NULL),(229,'97/22','','22ES00041110204900','2022-04-12','2022-04-13',4722.00,'YESO',221,61,'M. FORTUNA',94,'CEUTA','KJOPSVIK','GARRUCHA','2022-04-12 10:00:00','2022-04-12 00:00:00','2022-04-12 00:00:00','2022-04-12 21:30:00','2022-04-13 07:15:00','2022-04-13 16:00:00',NULL,NULL),(230,'98/22','','22ES00041510207227','2022-04-10','2022-04-14',47200.00,'YESO',220,140,'S. ELENEZER',141,'SFAX ','CHARLESTON','GARRUCHA','2022-04-10 00:30:00','2022-04-10 00:30:00','2022-04-13 00:30:00','2022-04-13 01:18:00','2022-04-13 07:15:00','2022-04-14 09:00:00',NULL,NULL),(231,'99/22','22ES000411L0000691','','2022-04-15','2022-04-16',9205.00,'YESO',220,142,'NESPIRNYY',107,'BEJAIA ','KALUNDBORG','GARRUCHA','2022-04-15 05:00:00','2022-04-15 05:20:00','2022-04-15 21:20:00','2022-04-15 22:30:00','2022-04-16 06:10:00','2022-04-16 13:45:00',NULL,NULL),(232,'100/22','22ES00041110213665','','2022-04-10','2022-04-18',36306.00,'YESO',221,269,'DAN CABUSORA',148,'CASABLANCA ','JACSONVILLE ','GARRUCHA','2022-04-10 05:00:00','2022-04-10 05:15:00','2022-04-15 07:10:00','2022-04-15 09:07:00','2022-04-16 06:15:00','2022-04-18 16:30:00',NULL,NULL),(233,'101/22','22ES000411L0000675','','2022-04-14','2022-04-18',6710.00,'YESO',221,288,'A. KUTOMANOV ',151,'TARRAGONA ','SLITE ','GARRUCHA','2022-04-14 15:30:00','2022-04-14 16:00:00','2022-04-17 08:00:00','2022-04-17 09:40:00','2022-04-18 07:00:00','2022-04-18 16:55:00',NULL,NULL),(234,'102/22','22ES000411L0000683','','2022-04-15','2022-04-19',3878.00,'YESO',221,171,'PIETER J.VAN HO',114,'ALGECIRAS','LIDKOPING','GARRUCHA','2022-04-15 04:00:00','2022-04-15 04:20:00','2022-04-18 18:10:00','2022-04-18 19:25:00','2022-04-19 07:10:00','2022-04-19 13:15:00',NULL,NULL),(235,'103/22','','22ES00041110214172/48','2022-04-10','2022-04-20',42650.00,'YESO',221,211,'WEICHUN.HU.',153,'TARRAGONA','CONAKRY + SAN PEDRO','GARRUCHA','2022-04-10 21:42:00','2022-04-10 21:54:00','2022-04-18 19:18:00','2022-04-18 20:36:00','2022-04-19 07:15:00','2022-04-19 23:05:00',NULL,NULL),(236,'104/22','','22ES00041110219571','2022-04-15','2022-04-21',50680.00,'YESO',221,136,'HUA VIET CAO',125,'SOUTH KILLINGHO','COEYMANS','GARRUCHA','2022-04-15 13:15:00','2022-04-15 14:42:00','2022-04-20 00:18:00','2022-04-20 02:18:00','2022-04-20 09:00:00','2022-04-21 12:30:00',NULL,NULL),(237,'105/22','','22ES00041110222906','2022-04-19','2022-04-22',46743.00,'YESO',220,265,'VENCITO C.CABUÑ',148,'MARSELLA','SAVANNAH','GARRUCHA','2022-04-19 21:45:00','2022-04-19 22:00:00','2022-04-21 22:48:00','2022-04-22 00:48:00','2022-04-22 06:10:00','2022-04-22 20:05:00',NULL,NULL),(238,'107/22','22ES000411L0000774','','2022-04-22','2022-04-25',9457.00,'YESO',220,206,'ALEKSEI KORCHAV',107,'KILLY BEGS','KALUNDBORG','GARRUCHA','2022-04-22 15:40:00','2022-04-22 16:00:00','2022-04-24 08:15:00','2022-04-24 09:40:00','2022-04-25 08:15:00','2022-04-25 18:45:00',NULL,NULL),(239,'108/22','','22ES00041110232127','2022-04-25','2022-04-26',52500.00,'YESO',220,264,'JEFFRY HUKOM',148,'ORÁN','LAGOS','GARRUCHA','2022-04-25 17:42:00','2022-04-25 00:00:00','2022-04-25 00:00:00','2022-04-25 19:42:00','2022-04-26 07:15:00','2022-04-26 21:00:00',NULL,NULL),(240,'110/22','22ES000411L0000774','','2022-04-27','2022-04-27',7200.00,'YESO',220,207,'VLADIMIR CHERNI',107,'KILLYBEGS','FREDRIKSTAD','GARRUCHA','2022-04-27 10:00:00','2022-04-27 00:00:00','2022-04-27 00:00:00','2022-04-27 10:40:00','2022-04-27 11:30:00','2022-04-27 22:00:00',NULL,NULL),(241,'109/22','','22ES00041110235784','2022-04-26','2022-04-28',50000.00,'YESO',220,52,'KONTSELIDZE JAB',139,'ORAN','BRISTOL (USA)','GARRUCHA','2022-04-26 16:00:00','2022-04-26 17:30:00','2022-04-26 21:55:00','2022-04-26 23:45:00','2022-04-27 08:15:00','2022-04-28 17:45:00',NULL,NULL),(242,'111/22','','22ES00041110238895','2022-04-28','2022-04-29',32300.00,'YESO',221,150,'M. SAWIUK',136,'TARRAGONA','IMMINGHAM ','GARRUCHA','2022-04-28 11:30:00','2022-04-28 11:30:00','2022-04-28 19:15:00','2022-04-28 20:30:00','2022-04-29 07:15:00','2022-04-29 18:50:00',NULL,NULL),(243,'112/22','','22ES00041110238895','2022-04-28','2022-04-30',16500.00,'YESO',220,118,'J. BERGOSA',137,'TARANTO','TAKORADI','GARRUCHA','2022-04-28 12:00:00','2022-04-28 14:12:00','2022-04-29 19:30:00','2022-04-29 22:00:00','2022-04-30 06:10:00','2022-04-30 12:30:00',NULL,NULL),(244,'114/22','22ES000411L0000806','','2022-04-27','2022-05-04',35927.00,'YESO',220,95,'SHI JUNG PENG',113,'MARINA CARRARA','ROTTERDAM','GARRUCHA','2022-04-27 00:30:00','2022-04-27 01:45:00','2022-05-02 07:48:00','2022-05-02 09:42:00','2022-05-03 08:10:00','2022-05-04 15:00:00',NULL,NULL),(245,'113/22','','22ES00041510000410','2022-04-30','2022-05-03',55000.00,'YESO',221,270,'ARMAND PAMERUAN',148,'CASABLANCA','TAKORADI/COTONOU','CARBONERAS','2022-04-30 11:30:00','2022-04-30 11:36:00','2022-05-01 19:12:00','2022-05-01 20:30:00','2022-05-02 06:30:00','2022-05-03 03:30:00',NULL,NULL),(246,'115/22','','22ES00041110247804/','2022-04-22','2022-05-06',47041.00,'YESO',220,272,'JIN BANGZHONG',148,'TRAFARIA','SAVANNAH','GARRUCHA','2022-04-27 15:30:00','2022-04-27 15:30:00','2022-05-04 15:56:00','2022-05-04 19:06:00','2022-05-05 06:15:00','2022-05-06 08:45:00',NULL,NULL),(247,'116/22','22ES000411L0000822','','2022-05-06','2022-05-07',8925.00,'YESO',220,230,'OLEG POROKHIN',107,'AGADIR','KANTVIK','GARRUCHA','2022-05-06 08:20:00','2022-05-06 00:00:00','2022-05-06 00:00:00','2022-05-06 09:15:00','2022-05-06 14:10:00','2022-05-07 13:45:00',NULL,NULL),(248,'117/22','','22ES00041110260012/04','2022-04-30','2022-05-07',38500.00,'YESO',220,71,'PE THAW SAN',110,'GIJON','BUCHANAN','GARRUCHA','2022-04-30 11:00:00','2022-04-30 11:00:00','2022-05-06 10:30:00','2022-05-06 06:00:00','2022-05-06 14:20:00','2022-05-07 13:00:00',NULL,NULL),(249,'120/22','22ES000415L0000297','','2022-05-04','2022-05-06',28100.00,'YESO',221,227,'RADWAN MUSTAFI',120,'SFAX','FLUSHING','CARBONERAS','2022-05-04 12:55:00','2022-05-04 12:55:00','2022-05-05 09:00:00','2022-05-05 10:15:00','2022-05-05 15:00:00','2022-05-06 18:25:00',NULL,NULL),(250,'118/22','','22ES00041110261828','2022-05-01','2022-05-10',43520.00,'YESO',220,37,'ANDRIY SAPALYOV',140,'BEJAIA','CHARLESTON','GARRUCHA','2022-05-01 02:42:00','2022-05-01 02:42:00','2022-05-09 05:24:00','2022-05-09 07:00:00','2022-05-09 08:20:00','2022-05-10 13:00:00',NULL,NULL),(251,'119/22','22ES00041510366515','','2022-05-06','2022-05-11',37005.00,'YESO',220,215,'SYCZ RADOSLAW J',143,'CASABLANCA','TEESPORT','GARRUCHA','2022-05-06 20:45:00','2022-05-06 21:30:00','2022-05-10 14:05:00','2022-05-10 15:40:00','2022-05-10 16:20:00','2022-05-11 13:00:00',NULL,NULL),(252,'121/22','','22ES00041110267271','2022-05-08','2022-05-12',53000.00,'YESO',221,160,'RUNNIE D.REAL',117,'MONTOIR','PORT EVERGLADES','GARRUCHA','2022-05-08 22:00:00','2022-05-08 22:42:00','2022-05-11 14:18:00','2022-05-11 15:48:00','2022-05-11 16:30:00','2022-05-12 20:15:00',NULL,NULL),(253,'123/22','','22ES00041110278455','2022-05-10','2022-05-17',43700.00,'YESO',220,221,'EULEN SELARU',142,'CARTAGENA','NEWINGTON','GARRUCHA','2022-05-10 07:18:00','2022-05-10 08:48:00','2022-05-16 05:24:00','2022-05-16 07:06:00','2022-05-16 08:18:00','2022-05-17 11:42:00',NULL,NULL),(254,'124/22','','22ES00041110280879','2022-05-10','2022-05-18',53400.00,'YESO',220,78,'S. MYTASHOP',131,'FOS','PORT EVERGLADES','GARRUCHA','2022-05-10 09:30:00','2022-05-10 10:45:00','2022-05-17 12:20:00','2022-05-17 14:36:00','2022-05-17 15:15:00','2022-05-18 19:55:00',NULL,NULL),(255,'127/22','','22ES00041110290156','2022-05-13','2022-05-21',49730.00,'YESO',220,91,'RICHARD CAAYA C',148,'TARRAGONA','LAGOS','GARRUCHA','2022-05-13 18:00:00','2022-05-13 18:00:00','2022-05-21 06:30:00','2022-05-21 08:24:00','2022-05-21 09:15:00','2022-05-21 22:05:00',NULL,NULL),(256,'128/22','','22ES00041110286320','2022-05-20','2022-05-20',4826.00,'YESO',221,56,'RAF. PIADYSHEV',94,'SEVILLA','KJOEPSVIK','GARRUCHA','2022-05-20 06:00:00','2022-05-20 00:00:00','2022-05-20 00:00:00','2022-05-20 06:40:00','2022-05-20 10:15:00','2022-05-20 17:00:00',NULL,NULL),(257,'129/22','22ES000411L0000890','','2022-05-20','2022-05-21',3300.00,'YESO',218,131,'NIKOLAY ICIN',123,'ALCUDIA','IBIZA','GARRUCHA','2022-05-20 07:20:00','2022-05-20 07:35:00','2022-05-20 17:50:00','2022-05-20 19:00:00','2022-05-21 06:10:00','2022-05-21 10:25:00',NULL,NULL),(258,'125/22','22ES000415L0000337','','2022-05-11','2022-05-19',29000.00,'YESO',221,80,'MUKHAMADEEV,V.',120,'HUELVA','AALBORG','CARBONERAS','2022-05-11 13:15:00','2022-05-11 13:15:00','2022-05-18 02:20:00','2022-05-18 04:00:00','2022-05-18 06:10:00','2022-05-18 21:45:00',NULL,NULL),(259,'130/22','','22ES00041110293323','2022-05-19','2022-05-23',13385.00,'YESO',220,62,'ROMAS LESNICKAS',94,'LISBOA','FREDRIKSTAD','GARRUCHA','2022-05-19 19:20:00','2022-05-19 20:00:00','2022-05-22 08:35:00','2022-05-22 09:50:00','2022-05-23 08:20:00','2022-05-23 20:00:00',NULL,NULL),(260,'131/22','','22ES00041110291590','2022-05-17','2022-05-24',29700.00,'YESO',221,158,'RENEV DEYAN RAD',130,'AGADIR','HULL','GARRUCHA','2022-05-17 02:55:00','2022-05-17 02:55:00','2022-05-22 09:08:00','2022-05-22 11:06:00','2022-05-23 08:10:00','2022-05-24 08:25:00',NULL,NULL),(261,'132/22','','22ES00041110295266','2022-05-21','2022-05-25',30000.00,'YESO',220,252,'SOBADZHIEV ESVE',136,'CASABLANCA','TEESPORT','GARRUCHA','2022-05-21 19:30:00','2022-05-21 21:00:00','2022-05-24 14:30:00','2022-05-24 16:30:00','2022-05-24 17:15:00','2022-05-25 10:50:00',NULL,NULL),(262,'133/22','22ES000411L0000890','','2022-05-24','2022-05-25',3300.00,'YESO',218,131,'NIKOLAI ILIN',123,'IBIZA','IBIZA','GARRUCHA','2022-05-24 18:50:00','2022-05-24 00:00:00','2022-05-24 00:00:00','2022-05-24 19:30:00','2022-05-25 07:10:00','2022-05-25 13:10:00',NULL,NULL),(263,'134/22','','22ES00041510000460','2022-05-21','2022-05-26',22000.00,'YESO',221,185,'SARPER POLATIEK',121,'SKIKDA','TAKORADI/FREETOWN','CARBONERAS','2022-05-21 21:00:00','2022-05-21 22:45:00','2022-05-25 08:30:00','2022-05-25 10:30:00','2022-05-25 15:00:00','2022-05-25 23:40:00',NULL,NULL),(264,'135/22','','0300098/0300154','2022-05-23','2022-05-26',40200.00,'YESO',221,109,'ALEX TIZON ESQU',137,'BEJAIA','LAGOS + CALABAR','GARRUCHA','2022-05-22 23:00:00','2022-05-22 00:01:00','2022-05-25 20:45:00','2022-05-25 21:54:00','2022-05-26 07:10:00','2022-05-26 20:15:00',NULL,NULL),(265,'136/22','22ES000415L0000930','','2022-05-25','2022-05-26',9286.00,'YESO',220,142,'RUSLAN NESPIRNY',107,'CASABLANCA','KANTVIK','GARRUCHA','2022-05-25 20:00:00','2022-05-25 00:00:00','2022-05-25 00:00:00','2022-05-25 21:00:00','2022-05-26 07:35:00','2022-05-26 20:20:00',NULL,NULL),(266,'137/22','','22ES00041110307544/699','2022-05-24','2022-05-28',49870.00,'YESO',220,93,'FRAN. A.GAVILÁN',142,'JORF LASFAR','SAVANNAH','GARRUCHA','2022-05-24 01:00:00','2022-05-24 01:00:00','2022-05-26 22:12:00','2022-05-26 23:59:00','2022-05-27 07:15:00','2022-05-28 10:35:00',NULL,NULL),(267,'138/22','22ES000411L0000980','','2022-05-29','2022-05-30',5440.00,'YESO',220,151,'MIKLASZESKI JAN',107,'BEJAIA','BALSTA','GARRUCHA','2022-05-29 09:42:00','2022-05-29 00:00:00','2022-05-29 00:00:00','2022-05-29 11:15:00','2022-05-30 07:10:00','2022-05-30 17:55:00',NULL,NULL),(268,'139/22','22ES000411L0000972','','2022-05-27','2022-05-30',8301.00,'YESO',220,106,'P. KANATCHIKOV',151,'CASTELLON','KALUNDBORG','GARRUCHA','2022-05-27 18:10:00','2022-05-27 11:15:00','2022-05-29 11:55:00','2022-05-29 11:55:00','2022-05-30 07:10:00','2022-05-30 18:30:00',NULL,NULL),(269,'140/22','22ES000411L0000948','','2022-05-28','2022-05-31',6911.00,'YESO',220,166,'SERGEI GOLDEUKH',151,'ALGECIRAS','NAANTALI (FIN)','GARRUCHA','2022-05-28 13:30:00','2022-05-28 14:00:00','2022-05-30 19:30:00','2022-05-30 20:40:00','2022-05-31 07:30:00','2022-05-31 18:10:00',NULL,NULL),(270,'141/22','22ES000411L0000956','','2022-05-31','2022-06-01',32192.00,'YESO',221,258,'ONUR ASAL',120,'BEJAIA','FLUSHING (NL)','GARRUCHA','2022-06-03 01:55:00','1970-01-01 01:55:00','2022-05-31 05:45:00','2022-06-03 07:12:00','2022-05-31 08:20:00','2022-06-01 14:40:00',NULL,NULL),(271,'142/22','22ES000411L0000964','','2022-05-29','2022-06-01',3895.00,'YESO',221,263,'SERGEY GRISHIN',114,'SEVILLA','LIDKOPING','GARRUCHA','2022-05-29 17:15:00','2022-05-29 17:30:00','2022-05-31 19:20:00','2022-05-31 20:20:00','2022-06-01 07:30:00','2022-06-01 16:40:00',NULL,NULL),(272,'144/22','22ES000411L0001008','','2022-05-31','2022-06-02',3300.00,'GRAVA',218,131,'NIKOLAY ILIN',123,'IBIZA','IBIZA','GARRUCHA','2022-05-31 18:40:00','2022-05-31 18:50:00','2022-06-01 17:20:00','2022-06-01 18:10:00','2022-06-01 19:15:00','2022-06-02 09:45:00',NULL,NULL),(273,'145/22','','22ES00041110319179','2022-06-02','2022-06-02',4755.00,'YESO',221,125,'DMITRY PONOHARE',146,'TARRAGONA','BREVIK','GARRUCHA','2022-06-02 08:45:00','2022-06-02 08:45:00','2022-06-02 10:50:00','2022-06-02 12:25:00','2022-06-02 15:15:00','2022-06-02 21:30:00',NULL,NULL),(274,'126/22','','0283524/0283567','2022-05-12','2022-05-23',38422.00,'YESO',220,133,'N. HUBAHB',100,'SAGUNTO','CARTAGENA','GARRUCHA','2022-05-12 10:30:00','2022-05-12 13:52:00','2022-05-18 20:36:00','2022-05-18 23:00:00','2022-05-19 07:15:00','2022-05-19 19:35:00',NULL,NULL),(275,'146/22','','22ES00041110321740','2022-06-02','2022-06-03',24000.00,'YESO',221,238,'MOHAMED ABOU EL',136,'HUELVA','IMMINGHAM','GARRUCHA','2022-06-02 02:27:00','2022-06-02 02:27:00','2022-06-02 15:00:00','2022-06-02 17:00:00','2022-06-02 18:45:00','2022-06-03 14:30:00',NULL,NULL),(276,'147/22','','22ES00041110322827/91','2022-06-02','2022-06-07',50000.00,'YESO',221,209,'DAI JUNFENG',142,'MONFALCONE','ABIDJAN/SAN PEDRO','GARRUCHA','2022-06-02 12:00:00','2022-06-02 13:12:00','2022-06-03 15:36:00','2022-06-03 17:18:00','2022-06-04 06:30:00','2022-06-07 09:10:00',NULL,NULL),(277,'148/22','','22ES00041110331889','2022-06-04','2022-06-04',4130.00,'YESO',220,129,'JUAN JOSÉ RIOS ',129,'ALGECIRAS','ARGUINEGUIN','GARRUCHA','2022-06-04 05:45:00','2022-06-04 00:00:00','2022-06-04 00:00:00','2022-06-04 06:54:00','2022-06-04 08:45:00','2022-06-04 14:40:00',NULL,NULL),(278,'150/22','22ES000411L0001016','','2022-06-08','2022-06-08',7208.00,'YESO',221,105,'ZMYSLYA YURY',151,'TARRAGONA','SLITE','GARRUCHA','2022-06-06 19:30:00','2022-06-06 00:00:00','2022-06-06 00:00:00','2022-06-06 20:10:00','2022-06-07 07:10:00','2022-06-07 17:20:00',NULL,NULL),(279,'151/22','22ES000411L0001075','','2022-06-07','2022-06-08',8926.00,'YESO',220,230,'VALERY ZEMLYAKO',107,'NADOR','KANTVIK','GARRUCHA','2022-06-07 03:10:00','2022-06-07 03:20:00','2022-06-07 18:40:00','2022-06-07 19:55:00','2022-06-08 07:10:00','2022-06-08 19:55:00',NULL,NULL),(280,'149/22','22ES000411L0001032','','2022-06-02','2022-06-08',34000.00,'YESO',220,226,'JERZY BEDNAREK',143,'ORAN','SOUTHAMPTON','GARRUCHA','2022-06-02 19:30:00','2022-06-02 19:30:00','2022-06-07 09:40:00','2022-06-07 12:00:00','2022-06-07 14:00:00','2022-06-08 18:00:00',NULL,NULL),(281,'152/22','','22ES00041110336999','2022-06-07','2022-06-09',42945.00,'YESO',220,50,'SHEN JIANYONG',141,'GENOVA','NEWINGTON','GARRUCHA','2022-06-07 14:00:00','2022-06-07 16:12:00','2022-06-08 19:06:00','2022-06-08 20:42:00','2022-06-09 07:10:00','2022-06-09 21:30:00',NULL,NULL),(282,'153/22','22ES000411L0001059','','2022-06-07','2022-06-10',9290.00,'YESO',220,232,'VITALY OUSYANNI',107,'BEJAIA','NAANTALI (FIN)','GARRUCHA','2022-06-07 18:00:00','2022-06-07 18:30:00','2022-06-09 08:35:00','2022-06-09 09:35:00','2022-06-10 07:10:00','2022-06-10 18:00:00',NULL,NULL),(283,'154/22','','22ES00041110343561/88','2022-06-09','2022-06-13',36100.00,'YESO',220,285,'QIN YANWEI',125,'CARTAGENA','BARRANQUILLA','GARRUCHA','2022-06-09 06:30:00','2022-06-09 07:20:00','2022-06-09 22:29:00','2022-06-10 00:24:00','2022-06-10 07:00:00','2022-06-13 10:20:00',NULL,NULL),(284,'155/22','22ES000411L0000140','','2022-06-07','2022-06-11',3300.00,'GRAVA',218,131,'NIKOLAY ILIN',123,'IBIZA','IBIZA','GARRUCHA','2022-06-07 18:10:00','2022-06-07 18:20:00','2022-06-10 19:05:00','2022-06-10 20:10:00','2022-06-11 06:00:00','2022-06-11 12:00:00',NULL,NULL),(285,'157/22','22ES000411L0001083','','2022-06-09','2022-06-14',40000.00,'YESO',221,262,'YANG ZHIHU',99,'ALCANAR','ROTTERDAM','GARRUCHA','2022-06-09 11:42:00','2022-06-09 13:30:00','2022-06-13 11:05:00','2022-06-13 13:00:00','2022-06-13 14:10:00','2022-06-14 19:10:00',NULL,NULL),(286,'156/22','','22ES00041110348208','2022-06-09','2022-06-15',38683.00,'YESO',220,242,'GURKIN KONSTANT',136,'RAVENNA','TEESPORT','GARRUCHA','2022-06-09 11:45:00','2022-06-09 13:55:00','2022-06-14 19:55:00','2022-06-14 22:00:00','2022-06-15 07:10:00','2022-06-15 20:40:00',NULL,NULL),(287,'158/22','22ES000411L0001040','','2022-06-14','2022-06-15',3300.00,'GRAVA',218,131,'NIKOLAY ILIN',123,'IBIZA','IBIZA','GARRUCHA','2022-06-14 18:50:00','2022-06-14 00:00:00','2022-06-14 00:00:00','2022-06-14 19:20:00','2022-06-14 20:00:00','2022-06-15 16:00:00',NULL,NULL),(288,'159/22','','22ES00041110355319','2022-06-12','2022-06-17',37680.00,'YESO',220,65,'KILIC HAKAN',110,'FOS','BUCHANAN','GARRUCHA','2022-06-12 01:20:00','2022-06-12 02:50:00','2022-06-15 22:15:00','2022-06-15 23:50:00','2022-06-16 07:10:00','2022-06-17 11:05:00',NULL,NULL),(289,'160/22','','0353098/0353138','2022-06-13','2022-06-20',51750.00,'YESO',220,266,'ROMAL PLACENCIA',148,'ARZEW','DOUALA + LAGOS','GARRUCHA','2022-06-13 17:00:00','2022-06-13 17:36:00','2022-06-17 12:24:00','2022-06-17 14:30:00','2022-06-17 15:30:00','2022-06-20 14:00:00',NULL,NULL),(290,'162/22','22ES00041110357559','','2022-06-19','2022-06-21',17640.00,'YESO',221,249,'ABDRABOU AYMAN ',136,'MOSTAGANEM','IMMINGHAM','GARRUCHA','2022-06-19 08:00:00','2022-06-19 08:55:00','2022-06-20 15:20:00','2022-06-20 17:00:00','2022-06-21 06:10:00','2022-06-21 15:00:00',NULL,NULL),(291,'163/22','','22ES00041110366816','2022-06-21','2022-06-23',48370.00,'YESO',220,103,'DANUCO MELTIADE',96,'CASABLANCA','LAGOS','GARRUCHA','2022-06-21 13:42:00','2022-06-21 13:42:00','2022-06-22 12:18:00','2022-06-22 13:48:00','2022-06-22 14:50:00','2022-06-23 17:30:00',NULL,NULL),(292,'164/22','','22ES00041110367042','2022-06-22','2022-06-24',30338.00,'YESO',220,94,'OLEKSIY KOVTSUR',136,'ROTTERDAM','TEESPORT','GARRUCHA','2022-06-22 19:12:00','2022-06-22 19:50:00','2022-06-23 21:55:00','2022-06-23 23:18:00','2022-06-24 06:20:00','2022-06-24 20:35:00',NULL,NULL),(293,'165/22','22ES000411L0001123','','2022-06-24','2022-06-24',1505.00,'MARMOL',219,179,'PAVEL BEREZIN',147,'ORISTANO','PAGNY(FR)','GARRUCHA','2022-06-24 05:45:00','2022-06-24 00:00:00','2022-06-24 00:00:00','2022-06-24 06:35:00','2022-06-24 15:40:00','2022-06-24 18:10:00',NULL,NULL),(294,'166/22','22ES000411L0001131','','2022-06-24','2022-06-25',5782.00,'YESO',221,169,'PAVEL STRELKOV',122,'CASTELLÓN','SLITE(SUECIA)','GARRUCHA','2022-06-24 18:30:00','2022-06-24 00:00:00','2022-06-24 00:00:00','2022-06-24 20:15:00','2022-06-25 07:00:00','2022-06-25 11:30:00',NULL,NULL),(295,'167/22','22ES000411L0001158','','2022-06-24','2022-06-27',35700.00,'YESO',220,194,'NIKOLOPOULOS GE',136,'CASABLANCA','ROTTERDAM','GARRUCHA','2022-06-24 14:40:00','2022-06-24 14:40:00','2022-06-26 08:35:00','2022-06-26 10:05:00','2022-06-27 06:00:00','2022-06-27 19:00:00',NULL,NULL),(296,'161/22','22ES000411L0001166','22ES00041110359772','2022-06-19','2022-06-21',9499.00,'YESO',220,205,'S. SHAKOV',107,'CASTELLON ','BALSTA/FREDRIKSTAD','GARRUCHA','2022-06-19 16:25:00','2022-06-19 16:30:00','2022-06-20 08:30:00','2022-06-20 09:30:00','2022-06-20 15:30:00','2022-06-21 18:00:00',NULL,NULL),(297,'168/22','','22ES00041110376682','2022-06-27','2022-06-29',49500.00,'YESO',220,248,'M.RALLY ANDRADE',133,'SAGUNTO','JACKSONVILLE','GARRUCHA','2022-06-27 02:05:00','2022-06-27 02:12:00','2022-06-27 20:06:00','2022-06-27 22:25:00','2022-06-28 07:00:00','2022-06-29 17:20:00',NULL,NULL),(298,'170/22','','22ES00041110377628','2022-06-28','2022-07-01',40700.00,'YESO',221,100,'DOAN VAN DUY',153,'ANTWERP','TEMA','GARRUCHA','2022-06-28 05:42:00','2022-06-28 06:00:00','2022-06-29 18:42:00','2022-06-29 20:12:00','2022-06-30 07:15:00','2022-07-01 08:40:00',NULL,NULL),(299,'171/22','','22ES00041110383718/876','2022-07-01','2022-07-04',47830.00,'YESO',221,51,'ROMEO QUEZON BA',150,'BEJAIA','CARTAGENA/BARRANQUILLA','GARRUCHA','2022-07-01 00:01:00','2022-07-01 00:05:00','2022-07-01 09:24:00','2022-07-01 11:36:00','2022-07-01 14:20:00','2022-07-04 12:10:00',NULL,NULL),(300,'173/22','22ES000411103387352','','2022-06-30','2022-07-04',18200.00,'YESO',221,183,'ERDIN GOKKAYA',136,'TARRAGONA','IMMINGHAM','GARRUCHA','2022-07-30 21:15:00','2022-06-30 21:30:00','2022-07-04 12:40:00','2022-07-04 14:45:00','2022-07-04 14:30:00','2022-07-04 23:30:00',NULL,NULL),(301,'174/22','22ES000411L0001206','','2022-07-01','2022-07-05',34100.00,'YESO',221,175,'LONG XIAOWEI',120,'JORF LASFAR','VLISSINGEN','GARRUCHA','2022-07-01 09:00:00','2022-07-01 09:30:00','2022-07-05 00:36:00','2022-07-05 02:12:00','2022-07-05 07:15:00','2022-07-05 21:55:00',NULL,NULL),(302,'175/22','','22ES00041110391732','2022-07-03','2022-07-07',47413.00,'YESO',220,128,'Z. XUCHAO',140,'ANTWERP ','SAVANNAH ','GARRUCHA','2022-07-03 09:20:00','2022-07-03 10:00:00','2022-07-06 05:45:00','2022-07-06 07:10:00','2022-07-06 08:10:00','2022-07-07 14:30:00',NULL,NULL),(303,'176/22','','22ES00041110394265','2022-07-05','2022-07-08',53550.00,'YESO',221,273,'J. BAJARSIN',148,'TARANTO','CARTAGENA ','GARRUCHA','2022-07-05 06:00:00','2022-07-05 06:00:00','2022-07-07 15:36:00','2022-07-07 17:24:00','2022-07-07 18:00:00','2022-07-08 22:10:00',NULL,NULL),(304,'177/22','','22ES00041110396610','2022-07-10','2022-07-11',18354.00,'YESO',221,38,'I. SONMEZ',136,'JORF LASFAR','IMMINGHAM','GARRUCHA','2022-07-10 07:41:00','2022-07-10 00:00:00','2022-07-10 00:00:00','2022-07-10 09:45:00','2022-07-11 08:10:00','2022-07-11 20:50:00',NULL,NULL),(305,'178/22','22ES000411L0001222','','2022-07-10','2022-07-11',5768.00,'YESO',220,92,'I. SEDAKOV',151,'ALGECIRAS','SIPPO ','GARRUCHA','2022-07-10 18:25:00','2022-07-10 00:00:00','2022-07-10 00:00:00','2022-07-10 19:15:00','2022-07-11 09:10:00','2022-07-11 21:15:00',NULL,NULL),(306,'179/22','22ES000411L0001265','','2022-07-14','2022-07-15',9227.00,'YESO',220,202,'DMITRY DOLGOBOR',107,'CASABLANCA','KANTVIK','GARRUCHA','2022-07-14 21:20:00','2022-07-25 00:00:00','2022-07-25 00:00:00','2022-07-14 21:55:00','2022-07-15 06:10:00','2022-07-15 12:00:00',NULL,NULL),(307,'180/22','','22ES00041110405051','2022-07-15','2022-07-18',48700.00,'YESO',220,102,'ZAGIR ALYESKYER',134,'RAVENNA','LAGOS','GARRUCHA','2022-07-15 15:10:00','2022-07-15 15:10:00','2022-07-17 08:52:00','2022-07-17 10:25:00','2022-07-18 06:20:00','2022-07-18 06:20:00',NULL,NULL),(308,'181/22','22ES000411L0001273','','2022-07-17','2022-07-19',6610.00,'YESO',220,200,'SERHII KONDRATO',107,'BEJAIA','BALSTA','GARRUCHA','2022-07-17 10:24:00','2022-07-17 00:00:00','2022-07-17 00:00:00','2022-07-17 11:12:00','2022-07-18 06:10:00','2022-07-19 10:50:00',NULL,NULL),(309,'182/22','','22ES00041110407208','2022-07-16','2022-07-20',40710.00,'CALIZA',221,255,'CORPUZ GRECILDO',153,'ORAN','CONAKRY','GARRUCHA','2022-07-16 06:30:00','2022-07-14 06:30:00','2022-07-19 08:00:00','2022-07-19 09:48:00','2022-07-19 14:25:00','2022-07-20 19:00:00',NULL,NULL),(310,'183/22','22ES000411L0001230','','2022-07-18','2022-07-20',9250.00,'YESO',221,159,'ANDREY ZHURAVLE',151,'CASABLANCA','KUNDA','GARRUCHA','2022-07-18 08:00:00','2022-07-18 08:30:00','2022-07-19 11:45:00','2022-07-19 13:10:00','2022-07-19 16:10:00','2022-07-20 18:15:00',NULL,NULL),(311,'184/22','','22ES00041110413472','2022-07-17','2022-07-22',43800.00,'YESO',220,147,'KONSTANTINOS OR',140,'FOS','NEWINGTON (USA)','GARRUCHA','2022-07-17 12:00:00','2022-07-17 13:04:00','2022-07-20 20:30:00','2022-07-20 22:30:00','2022-07-21 08:10:00','2022-07-22 15:00:00',NULL,NULL),(312,'185/22','22ES000411L0001257','','2022-07-20','2022-07-21',7104.00,'YESO',221,274,'ALEKSEI GOSTIAE',151,'MARSELLA','SLITE','GARRUCHA','2022-07-20 07:30:00','2022-07-20 07:50:00','2022-07-20 20:00:00','2022-07-20 07:30:00','2022-07-21 08:10:00','2022-07-21 21:45:00',NULL,NULL),(313,'186/22','','22ES00041110414161','2022-07-19','2022-07-23',24000.00,'YESO',220,218,'OKAN KUMLU',136,'ALGIERS','SOUTHAMPTON','GARRUCHA','2022-07-19 23:30:00','2022-07-20 00:20:00','2022-07-20 15:35:00','2022-07-22 17:35:00','2022-07-23 07:15:00','2022-07-23 14:30:00',NULL,NULL),(314,'187/22','','22ES00041110414930','2022-07-23','2022-07-25',4955.00,'YESO',221,64,'V.PODOLYAN',95,'TARRAGONA ','KJOEPSVIK','GARRUCHA','2022-07-23 17:25:00','2022-07-23 17:25:00','2022-07-24 08:10:00','2022-07-24 09:25:00','2022-07-25 08:10:00','2022-07-25 16:25:00',NULL,NULL),(315,'188/22','','22ES00041110419164','2022-07-23','2022-07-26',51119.00,'YESO',220,45,'Z. XINCHUN',110,'ALEXANDRIA','BALTIMORE','GARRUCHA','2022-07-23 15:42:00','2022-07-23 15:52:00','2022-07-25 05:30:00','2022-07-25 07:42:00','2022-07-25 08:10:00','2022-07-26 18:20:00',NULL,NULL),(316,'189/22','','22ES00041110415356','2022-07-25','2022-07-26',4062.00,'YESO',221,282,'O. MYLNIKOV',154,'SAGUNTO','BREVIK','GARRUCHA','2022-07-24 14:00:00','2022-07-24 14:10:00','2022-07-25 17:40:00','2022-07-25 18:30:00','2022-07-26 07:35:00','2022-07-26 13:25:00',NULL,NULL),(317,'190/22','','22ES00041110417497','2022-07-24','2022-07-27',28500.00,'YESO',221,188,'V. VANGELOV',130,'HULL','HULL','GARRUCHA','2022-07-24 06:10:00','2022-07-24 06:10:00','2022-07-26 19:50:00','2022-07-26 21:45:00','2022-07-27 08:10:00','2022-07-27 19:10:00',NULL,NULL),(318,'191/22','22ES000411L0001372','','2022-07-27','2022-07-27',6670.00,'YESO',220,201,'I. TITOV',107,'EMPEOLOCLE','BALSTA','GARRUCHA','2022-07-27 08:00:00','2022-07-27 00:00:00','2022-07-27 00:00:00','2022-07-27 09:10:00','2022-07-27 12:00:00','2022-07-27 21:40:00',NULL,NULL),(319,'192/22','','22ES0041110423461','2022-07-24','2022-07-29',24700.00,'YESO',221,240,'N. RADMILOVIC',136,'CARTAGENA ','IMMINGHAM ','GARRUCHA','2022-07-24 13:40:00','2022-07-24 13:40:00','2022-07-28 21:15:00','2022-07-28 22:30:00','2022-07-29 08:10:00','2022-07-29 21:50:00',NULL,NULL),(320,'193/22','22ES000411L0001364','','2022-07-26','2022-07-29',8340.00,'YESO',220,107,'V. MISHCHERIVK',151,'MOERDIJK','KALUNDBORG','GARRUCHA','2022-07-26 14:35:00','2022-07-26 14:35:00','2022-07-27 08:37:00','2022-07-28 09:45:00','2022-07-28 15:10:00','2022-07-29 22:20:00',NULL,NULL),(321,'194/22','','22ES00041110419817º','2022-07-25','2022-07-28',27500.00,'YESO',221,41,'V. LAWAS',103,'CASTELLON','CONAKRY','GARRUCHA','2022-07-25 07:15:00','2022-07-25 08:00:00','2022-07-27 20:30:00','2022-07-27 21:42:00','2022-07-28 08:15:00','2022-07-28 20:00:00',NULL,NULL),(322,'195/22','','22ES00041110426184','2022-07-27','2022-08-02',38620.00,'YESO',220,236,'R. CARNASO',110,'ALICANTE','BICHANAN','GARRUCHA','2022-07-27 18:18:00','2022-07-27 19:06:00','2022-08-01 06:12:00','2022-08-01 07:42:00','2022-08-01 09:00:00','2022-08-02 13:20:00',NULL,NULL),(323,'196/22','22ES000411L0001380','','2022-08-01','2022-08-01',3795.00,'YESO',221,171,'A. VLADIMIR ',114,'SALERNO','LIDKOPING','GARRUCHA','2022-08-01 05:40:00','2022-08-01 00:00:00','2022-08-01 00:00:00','2022-08-01 06:00:00','2022-08-01 11:25:00','2022-08-01 19:55:00',NULL,NULL),(324,'197/22','22ES000411L0001404','','2022-08-01','2022-08-03',8776.00,'YESO',220,231,'N. BATISCHEV',107,'ASABLANCA ','NAANTALI','GARRUCHA','2022-08-01 20:00:00','2022-08-01 20:30:00','2022-08-02 07:30:00','2022-08-02 08:40:00','2022-08-02 15:40:00','2022-08-03 17:35:00',NULL,NULL),(325,'198/22','','22ES00041110428994','2022-08-01','2022-08-03',35910.00,'YESO',221,287,'P. SIEKANSKI',156,'LIVERPOOL','BRISTOL','GARRUCHA','2022-08-01 13:00:00','2022-08-01 13:15:00','2022-08-02 14:55:00','2022-08-02 15:50:00','2022-08-02 16:10:00','2022-08-03 18:30:00',NULL,NULL),(326,'199/22','','22ES00041110430366','2022-08-03','2022-08-05',51750.00,'YESO',220,204,'S. GRIGOROV',111,'ISKENDERUN','LAGOS','GARRUCHA','2022-08-03 11:30:00','2022-08-03 13:05:00','2022-08-03 19:22:00','2022-08-03 21:18:00','2022-08-04 07:15:00','2022-08-05 16:00:00',NULL,NULL),(327,'201/22','','22ES00041110435235','2022-08-05','2022-08-06',8303.00,'YESO',220,105,'Y. ZYMYSLA',151,'TARRAGONA ','FREDRIKSTAD','GARRUCHA','2022-08-05 12:00:00','2022-08-05 12:40:00','2022-08-05 17:40:00','2022-08-05 19:00:00','2022-08-06 08:00:00','2022-08-06 13:00:00',NULL,NULL),(328,'205/22','','634/642/650/669','2022-08-07','2022-08-10',55000.00,'YESO',221,259,'Z. JIANHUI',148,'FOS SUR MER ','TEMA','CARBONERAS','2022-08-08 20:24:00','2022-08-08 20:24:00','2022-08-09 09:00:00','2022-08-09 10:24:00','2022-08-09 12:30:00','2022-08-10 12:40:00',NULL,NULL),(329,'204/22','22ES000411L0001455','','2022-08-05','2022-08-09',33390.00,'YESO',221,148,'R. JACEK',120,'LISBOA','VLISSINGEN ','GARRUCHA','2022-08-05 10:00:00','2022-08-05 10:00:00','2022-08-08 21:30:00','2022-08-08 23:30:00','2022-08-09 08:10:00','2022-08-10 10:15:00',NULL,NULL),(330,'206/22','','22ES00041110439407','2022-08-05','2022-08-11',37745.00,'YESO',221,77,'D. CHIEM',110,'TARRAGONA ','BALTIMORE','GARRUCHA','2022-08-05 21:18:00','2022-08-05 21:18:00','2022-08-11 00:35:00','2022-08-11 02:12:00','2022-08-11 06:00:00','2022-08-11 21:20:00',NULL,NULL),(331,'207/22','','22ES00041110444816','2022-08-06','2022-08-12',30525.00,'YESO',220,85,'C. TAGALOG',136,'SAFI','TEESPORT','GARRUCHA','2022-08-06 16:42:00','2022-08-06 17:36:00','2022-08-11 22:36:00','2022-08-12 00:18:00','2022-08-12 08:10:00','2022-08-12 21:00:00',NULL,NULL),(332,'209/22','','22ES00041110449985','2022-08-11','2022-08-18',46850.00,'YESO',220,138,'CAO JIE ',141,'ANTWERP','SAVANNAH ','GARRUCHA','2022-08-11 14:00:00','2022-08-11 14:30:00','2022-08-17 05:48:00','2022-08-17 07:24:00','2022-08-17 08:40:00','2022-08-18 21:25:00',NULL,NULL),(333,'211/22','22ES000411L0001511','','2022-08-17','2022-08-19',11451.00,'YESO',220,116,'G. DAYONG ',151,'RIGA','KALUNDBORG','GARRUCHA','2022-08-17 20:18:00','2022-08-17 20:48:00','2022-08-14 22:36:00','2022-08-17 23:48:00','2022-08-18 09:45:00','2022-08-20 13:50:00',NULL,NULL),(334,'212/22','','22ES00004111L0000 1305','2022-08-18','2022-08-19',27501.00,'YESO',220,122,'R. KORUKONDA',115,'PIOMBINO','HULL','GARRUCHA','2022-08-18 21:00:00','2022-08-18 00:00:00','2022-08-18 00:00:00','2022-08-18 23:54:00','2022-08-19 08:20:00','2022-08-19 21:25:00',NULL,NULL),(335,'213/22','22ES000411L0001503','','2022-08-18','2022-08-20',5769.00,'YESO',221,182,'N STOYANOV',122,'MALAGA ','SLITE ','GARRUCHA','2022-08-18 06:55:00','2022-08-18 07:40:00','2022-08-19 22:25:00','2022-08-19 23:50:00','2022-08-20 08:10:00','2022-08-20 12:45:00',NULL,NULL),(336,'214/22','22ES000411L0001520','','2022-08-20','2022-08-23',31700.00,'YESO',220,251,'A. KUMAR',104,'PORTO VESME','DUBLIN','GARRUCHA','2022-08-20 00:01:00','2022-08-20 00:42:00','2022-08-21 08:12:00','2022-08-21 09:58:00','2022-08-22 08:10:00','2022-08-23 19:00:00',NULL,NULL),(337,'215/22','22ES000411L0001538','','2022-08-23','2022-08-23',6701.00,'YESO',220,200,'V. SYMANOV',107,'CASABLANCA','BALSTA','GARRUCHA','2022-08-23 07:30:00','2022-08-23 00:00:00','2022-08-23 00:00:00','2022-08-23 08:24:00','2022-08-23 10:10:00','2022-08-23 20:00:00',NULL,NULL),(338,'216/22','','0457560/0457595','2022-08-19','2022-08-26',48000.00,'YESO',220,156,'E. NIONES ',148,'ORAN','APAPA','GARRUCHA','2022-08-19 09:30:00','2022-08-19 10:20:00','2022-08-24 05:42:00','2022-08-24 07:15:00','2022-08-24 08:20:00','2022-08-26 14:15:00',NULL,NULL),(339,'217/22','','22ES00041510000677','2022-08-21','2022-08-25',55435.00,'YESO',221,223,'R. KHOZHUKHAREN',148,'VALENCIA','SEPETIBA','CARBONERAS','2022-08-20 20:45:00','2022-08-20 21:05:00','2022-08-24 08:16:00','2022-08-24 09:40:00','2022-08-24 15:00:00','2022-08-25 19:30:00',NULL,NULL),(340,'218/22','','22ES00041110465162','2022-08-21','2022-08-29',44000.00,'YESO',221,233,'YANG XU',106,'SALERNO','P. CRISTOBAL','GARRUCHA','2022-08-21 11:54:00','2022-08-21 11:54:00','2022-08-28 08:30:00','2022-08-28 10:12:00','2022-08-29 06:10:00','2022-08-29 20:45:00',NULL,NULL),(341,'219/22','','0466231/0466240','2022-08-21','2022-08-31',45800.00,'YESO',221,88,'C. CALIZO CALIV',112,'BREMEN ','LOME','GARRUCHA','2022-08-21 16:30:00','2022-08-21 16:48:00','2022-08-29 22:24:00','2022-08-29 23:54:00','2022-08-30 08:10:00','2022-08-31 12:50:00',NULL,NULL),(342,'220/22','','22ES00041110471509','2022-08-23','2022-09-01',44900.00,'YESO',220,128,'ZHAO XUCHAO',140,'PLOCE','NEWINGTON','GARRUCHA','2022-08-23 05:30:00','2022-08-23 06:10:00','2022-08-31 13:40:00','2022-08-31 15:30:00','2022-08-31 16:00:00','2022-09-01 18:30:00',NULL,NULL),(343,'221/22','','22ES00041110472993','2022-08-31','2022-09-03',47872.00,'YESO',220,155,'ZHANG BIN ',155,'GAETA','BRISTOL','GARRUCHA','2022-08-31 16:18:00','2022-08-31 16:42:00','2022-09-01 20:00:00','2022-09-01 22:00:00','2022-09-02 07:05:00','2022-09-03 12:30:00',NULL,NULL),(344,'222/22','22ES000411L0001670','','2022-08-31','2022-09-05',28400.00,'YESO',221,149,'J. BLASZKIEWICZ',120,'LEIXOES','AALBORG','GARRUCHA','2022-08-31 22:45:00','2022-08-31 23:35:00','2022-09-04 08:20:00','2022-09-04 10:05:00','2022-09-05 08:20:00','2022-09-05 21:45:00',NULL,NULL),(345,'223/22','22ES000411L0001696','','2022-09-03','2022-09-05',5765.00,'YESO',220,144,'A. HELNIKOV',151,'TARRAGONA ','SIPPO','GARRUCHA','2022-09-03 20:15:00','2022-09-03 20:15:00','2022-09-04 08:00:00','2022-09-04 08:50:00','2022-09-05 08:10:00','2022-09-05 17:50:00',NULL,NULL),(346,'224/22','','22ES00041110475962','2022-09-01','2022-09-06',38280.00,'YESO',220,152,'I. ALABUZHEVºº',110,'PORTO MARGHERA ','BUCHANAN ','GARRUCHA','2022-09-01 19:30:00','2022-09-01 21:05:00','2022-09-05 22:30:00','2022-09-06 00:20:00','2022-09-06 08:10:00','2022-09-07 10:30:00',NULL,NULL),(347,'226/22','','22ES00041110478203','2022-09-06','2022-09-08',4851.00,'YESO',221,57,'V. DZHANUMOV',94,'CASTELLON ','KJOEPSVIK','GARRUCHA','2022-09-06 12:50:00','2022-09-06 13:00:00','2022-09-07 18:15:00','2022-09-07 19:00:00','2022-09-08 08:15:00','2022-09-08 17:00:00',NULL,NULL),(348,'227/22','','22ES00041110481755','2022-09-04','2022-09-08',17750.00,'YESO',221,249,'M. ABDABOU',136,'CARTAGENA ','IMMINGHAM ','GARRUCHA','2022-09-04 22:45:00','2022-09-04 23:10:00','2022-09-08 11:32:00','2022-09-08 13:20:00','2022-09-08 15:10:00','2022-09-08 22:25:00',NULL,NULL),(349,'228/22','','22ES00041110483620','2022-09-05','2022-09-09',41000.00,'YESO',220,82,'M. OLORES',105,'PONTA LANGOSTEI','CONAKRY','GARRUCHA','2022-09-05 05:00:00','2022-09-05 05:50:00','2022-09-09 00:06:00','2022-09-09 01:42:00','2022-09-09 08:10:00','2022-09-09 21:10:00',NULL,NULL),(350,'229/22','','22ES00041110483901','2022-09-08','2022-09-12',4832.00,'YESO',221,126,'III. MIADNIKOV',146,'TARRAGONA ','BREVIK','GARRUCHA','2022-09-08 21:00:00','2022-09-08 21:00:00','2022-09-11 08:30:00','2022-09-11 09:30:00','2022-09-12 09:30:00','2022-09-12 17:15:00',NULL,NULL),(351,'230/22','','22ES00041110483837','2022-09-06','2022-09-12',19800.00,'YESO',221,124,'D. SINGH',115,'LEIXOES ','HAMILTON','GARRUCHA','2022-09-06 08:30:00','2022-09-06 09:42:00','2022-09-11 08:48:00','2022-09-11 10:40:00','2022-09-12 08:10:00','2022-09-12 19:50:00',NULL,NULL),(352,'231/22','22ES000411L0001710','','2022-09-10','2022-09-14',6648.00,'YESO',220,201,'S. SAFONOV ',107,'BEJAIA ','BALSTA ','GARRUCHA','2022-09-10 03:00:00','2022-09-10 03:00:00','2022-09-12 20:10:00','2022-09-12 21:45:00','2022-09-13 08:10:00','2022-09-13 20:55:00',NULL,NULL),(353,'233/22','','22ES00041110491447','2022-09-10','2022-09-14',9900.00,'YESO',220,114,'W. KUPENG ',151,'VALENCIA','FREDRIKSTAD','GARRUCHA','2022-09-10 13:48:00','2022-09-10 14:14:00','2022-09-13 22:14:00','2022-09-14 01:18:00','2022-09-04 10:05:00','2022-09-14 21:00:00',NULL,NULL),(354,'235/22','22ES000411L0001728','','2022-09-11','2022-09-15',5901.00,'YESO',221,97,'ARJEN FRASEN',151,'TARRAGONA ','SLITE ','GARRUCHA','2022-09-11 08:00:00','2022-09-11 08:00:00','2022-09-14 22:00:00','2022-09-14 23:05:00','2022-09-15 07:20:00','2022-09-15 18:25:00',NULL,NULL),(355,'234/22','','22ES00041110487985','2022-09-11','2022-09-15',49400.00,'YESO',220,46,'S. YONGYI',102,'LA CORUÑA','LAGOS ','GARRUCHA','2022-09-11 02:24:00','2022-09-11 02:24:00','2022-09-14 06:00:00','2022-09-14 07:10:00','2022-09-14 08:10:00','2022-09-15 17:45:00',NULL,NULL),(356,'236/22','22ES000411L0001744','','2022-09-11','2022-09-16',26280.00,'YESO',221,254,'G. MAREK',120,'SKIKDA','FLUSHING','GARRUCHA','2022-09-11 02:42:00','2022-09-11 02:42:00','2022-09-15 00:00:00','2022-09-15 20:30:00','2022-09-16 08:10:00','2022-08-16 21:00:00',NULL,NULL),(357,'237/22','2ES000411L0001738','','2022-09-11','2022-09-16',3620.00,'YESO',221,163,'E. MARTINUS ',114,'SEVILLA','LIDKOPING','GARRUCHA','2022-09-11 10:30:00','2022-09-11 11:00:00','2022-09-15 20:25:00','2022-09-15 21:15:00','2022-09-16 08:10:00','2022-09-16 13:00:00',NULL,NULL),(358,'238/22','22ES000411L0001752','','2022-09-12','2022-09-17',5462.00,'YESO',221,184,'R. KRIVORUCHKO',145,'LISBOA','SLITE ','GARRUCHA','2022-09-12 02:00:00','2022-09-12 02:30:00','2022-09-16 14:30:00','2022-09-16 15:50:00','2022-09-17 07:00:00','2022-09-17 13:35:00',NULL,NULL),(359,'240/22','','22ES00041110493470','2022-09-12','2022-09-21',39950.00,'YESO',221,199,'ANDRIY IZMAYLOV',111,'VALLETTA','LAGOS+CALABAR','GARRUCHA','2022-09-12 13:35:00','2022-09-12 13:35:00','2022-09-20 05:55:00','2022-09-20 07:30:00','2022-09-20 08:25:00','2022-09-20 22:10:00',NULL,NULL),(360,'241/22','22ES000411L0001787','','2022-09-19','2022-09-20',8814.00,'YESO',220,198,'MAKSYMENKO STAN',107,'CASABLANCA','KANTVIK/KALUNDBORG','GARRUCHA','2022-09-19 08:35:00','2022-09-19 09:10:00','2022-09-19 19:10:00','2022-09-19 20:30:00','2022-09-20 07:10:00','2022-09-20 18:00:00',NULL,NULL),(361,'242/22','','22ES00041110496383','2022-09-17','2022-09-22',46931.00,'YESO',220,213,'ZUO WEIMIN',110,'GENOVA','JACKSONVILLE','GARRUCHA','2022-09-17 20:30:00','2022-09-17 21:00:00','2022-09-20 23:30:00','2022-09-21 01:20:00','2022-09-21 08:10:00','2022-09-22 21:20:00',NULL,NULL),(362,'243/22','','22ES00041110501255','2022-09-18','2022-09-23',29100.00,'YESO',221,111,'DARIUSZ BUCZEK',136,'LA PALLICE','IMMINGHAM','GARRUCHA','2022-09-18 03:30:00','2022-09-18 04:00:00','2022-09-22 22:30:00','2022-09-22 23:59:00','2022-09-23 07:10:00','2022-09-23 20:40:00',NULL,NULL),(363,'244/22','','22ES00041110501884','2022-09-19','2022-09-26',32870.00,'YESO',221,226,'J. KURPIEL',144,'CASABLANCA','JACKSONVILLE','GARRUCHA','2022-09-19 19:30:00','2022-09-19 20:15:00','2022-09-23 21:30:00','2022-09-23 23:30:00','2022-09-24 06:10:00','2022-09-26 12:00:00',NULL,NULL),(364,'245/22','','22ES00041110505328','2022-09-21','2022-09-27',42640.00,'YESO',220,40,'RICO ROSLAES ',141,'GHENT ','NEWINGTON ','GARRUCHA','2022-09-20 23:48:00','2022-09-21 00:24:00','2022-09-26 12:54:00','2022-09-26 14:42:00','2022-09-26 15:30:00','2022-09-27 13:50:00',NULL,NULL),(365,'246/22','22ES000411L0001827','','2022-09-27','2022-09-28',8762.00,'YESO',220,206,'GRECHANIK,VLADI',107,'SOUSSE','KALLUNDBORG/BALSTA','GARRUCHA','2022-09-27 18:00:00','2022-09-27 00:00:00','2022-09-27 00:00:00','2022-09-27 19:00:00','2022-09-28 07:15:00','2022-09-28 18:45:00',NULL,NULL),(366,'247/22','22ES000411L0001819','','2022-09-26','2022-09-28',32100.00,'YESO',221,81,'HORBATIUK ROMAN',120,'ORAN','PORI (FINLANDIA)','GARRUCHA','2022-09-26 05:20:00','2022-09-26 05:45:00','2022-09-27 15:00:00','2022-09-27 20:08:00','2022-09-28 07:15:00','2022-09-28 18:15:00',NULL,NULL),(367,'248/22','','22ES00041110508942','2022-09-27','2022-09-29',47500.00,'YESO',220,141,'J. VARGAS ',141,'LEIXOES ','SAVANNAH','GARRUCHA','2022-09-27 09:30:00','2022-09-27 09:30:00','2022-09-28 20:00:00','2022-09-28 21:30:00','2022-09-29 06:10:00','2022-09-29 20:25:00',NULL,NULL),(368,'249/22','22ES000411L0001835','','2022-09-28','2022-09-30',36000.00,'YESO',220,83,'Y. PYLYPENKO ',136,'JORF LASFAR','ROTTERDAM ','GARRUCHA','2022-09-28 11:10:00','2022-09-28 11:12:00','2022-09-29 21:50:00','2022-09-29 23:00:00','2022-09-30 07:00:00','2022-09-30 20:15:00',NULL,NULL),(369,'250/22','','22ES00041110511972','2022-09-30','2022-09-30',4634.00,'YESO',221,120,'L. KARNAVKHOV',151,'CARTAGENA ','BREVIK','GARRUCHA','2022-09-30 06:00:00','2022-09-30 00:00:00','2022-09-30 00:00:00','2022-09-30 06:00:00','2022-09-30 12:00:00','2022-09-30 19:00:00',NULL,NULL),(370,'251/22','','22ES00041110516587','2022-09-30','2022-10-03',20000.00,'YESO',220,86,'ALEXEI SHILOV',104,'CASABLANCA','SOUTHAMPTON','GARRUCHA','2022-09-29 15:15:00','2022-09-29 15:15:00','2022-10-02 08:41:00','2022-10-02 10:00:00','2022-10-03 07:10:00','2022-10-03 17:50:00',NULL,NULL),(371,'252/22','','22ES000411105152/34/00','2022-10-02','2022-10-04',40365.00,'YESO',221,44,'NIKOL.KOTRIKLAS',153,'FOS','CONAKRY + LOME','GARRUCHA','2022-10-02 16:00:00','2022-10-02 18:00:00','2022-10-03 19:05:00','2022-10-03 20:45:00','2022-10-04 07:10:00','2022-10-04 18:50:00',NULL,NULL),(372,'254/22','22ES000411L0001886','','2022-10-06','2022-10-06',8887.00,'YESO',220,230,'VALERY ZEMLYAKO',107,'BEJAIA','KANTVIK','GARRUCHA','2022-10-06 05:45:00','2022-10-06 00:00:00','2022-10-06 00:00:00','2022-10-06 06:30:00','2022-10-06 08:10:00','2022-10-06 19:25:00',NULL,NULL),(373,'255/22','','22ES00041110523995','2022-10-06','2022-10-07',50500.00,'YESO',221,84,'XIUYI SONG',140,'RAVENNA','CARTAGENA(COLOMBIA)','GARRUCHA','2022-10-06 06:18:00','2022-10-06 07:18:00','2022-10-06 15:06:00','2022-10-06 16:54:00','2022-10-06 17:20:00','2022-10-07 18:00:00',NULL,NULL),(374,'256/22','22ES000411L0001900','','2022-10-06','2022-10-07',8877.00,'YESO',220,229,'ROZHETSKIN, D. ',107,'CASABLANCA','KALUNDBORG','GARRUCHA','2022-10-06 19:30:00','2022-10-06 00:00:00','2022-10-06 00:00:00','2022-10-06 21:40:00','2022-10-07 07:20:00','2022-10-07 20:00:00',NULL,NULL),(375,'257/22','22ES000411L0001894','','2022-10-07','2022-10-08',3706.00,'YESO',221,171,'P.VAN MOORSEL',114,'SALERNO','LIDKOPING','GARRUCHA','2022-10-07 09:55:00','2022-10-07 09:55:00','2022-10-07 18:55:00','2022-10-07 20:30:00','2022-10-08 07:00:00','2022-10-08 11:35:00',NULL,NULL),(376,'258/22','','22ES00041110531589','2022-10-07','2022-10-10',52150.00,'YESO',220,196,'O.FRUSHYCHEV',101,'GABES','LAGOS','GARRUCHA','2022-10-07 00:00:00','2022-10-07 01:00:00','2022-10-10 05:40:00','2022-10-10 07:00:00','2022-10-10 08:10:00','2022-10-11 13:05:00',NULL,NULL),(377,'259/22','22ES000411L0001926','','2022-10-10','2022-10-11',6280.00,'YESO',221,167,'ALEKS.NIKOLAIEV',122,'HUELVA','SLITE(SUECIA)','GARRUCHA','2022-10-10 20:55:00','2022-10-10 00:00:00','2022-10-10 00:00:00','2022-10-10 21:40:00','2022-10-11 07:15:00','2022-10-11 16:50:00',NULL,NULL),(378,'261/22','','22ES00041110533470','2022-10-10','2022-10-14',43820.00,'YESO',221,48,'XIE CHUNCHAO',110,'ANCONA(ITALIA)','TAMPA','GARRUCHA','2022-10-10 05:30:00','2022-10-10 05:30:00','2022-10-13 13:42:00','2022-10-13 15:36:00','2022-10-13 16:10:00','2022-10-14 14:15:00',NULL,NULL),(379,'262/22','','22ES00041110536324','2022-10-11','2022-10-15',35005.00,'YESO',221,134,'KONSTANTIN BEVZ',148,'BEJAIA','BALTIMORE','GARRUCHA','2022-10-11 22:15:00','2022-10-11 22:35:00','2022-10-14 15:20:00','2022-10-14 17:12:00','2022-10-14 18:00:00','2022-10-15 13:20:00',NULL,NULL),(380,'263/22','','22ES00041110539577','2022-10-15','2022-10-17',33000.00,'YESO',220,244,'ALPER UGURLU',152,'ORAN','SEARSPORT','GARRUCHA','2022-10-15 06:15:00','2022-10-15 08:15:00','2022-10-16 08:15:00','2022-10-16 09:55:00','2022-10-17 07:10:00','2022-10-17 19:20:00',NULL,NULL),(381,'264/22','','22ES00041110539138','2022-10-16','2022-10-17',4947.00,'YESO',221,63,'A.TENKAYEN',95,'CASTELLON','BREVIK','GARRUCHA','2022-10-16 08:48:00','2022-10-16 08:40:00','2022-10-17 05:35:00','2022-10-17 06:35:00','2022-10-17 09:40:00','2022-10-17 16:30:00',NULL,NULL),(382,'265/22','22ES000411L0002029','','2022-10-22','2022-10-22',23300.00,'YESO',221,176,'R.R.RODRIGUEZ S',113,'MALAGA','ROTTERDAM','GARRUCHA','2022-10-17 18:00:00','2022-10-17 18:30:00','2022-10-17 20:04:00','2022-10-17 22:20:00','2022-10-18 07:10:00','2022-10-18 21:00:00',NULL,NULL),(383,'267/22','22ES000411L0002045','','2022-10-19','2022-10-19',3628.00,'YESO',221,163,'NIK. BELIANIN',114,'AVILÉS','LIDKOPING','GARRUCHA','2022-10-19 06:10:00','2022-10-19 00:00:00','2022-10-19 00:00:00','2022-10-19 06:40:00','2022-10-19 10:15:00','2022-10-19 17:40:00',NULL,NULL),(384,'266/22','','22ES00041110543807','2022-10-18','2022-10-20',51409.00,'YESO',220,260,'W. JIANDANG',153,'SAGUNTO ','ABIDJAN','GARRUCHA','2022-10-18 15:30:00','2022-10-18 15:30:00','2022-10-18 22:06:00','2022-10-19 00:01:00','2022-10-19 07:10:00','2022-10-20 13:00:00',NULL,NULL),(385,'269/22','','22ES00041110000875','2022-10-19','2022-10-24',61100.00,'YESO',221,127,'XU QUINGTANG',106,'DJEN DJEN','ITAGUAI','CARBONERAS','2022-10-19 08:48:00','2022-10-19 08:48:00','2022-10-21 21:30:00','2022-10-21 22:30:00','2022-10-22 06:05:00','2022-10-24 08:10:00',NULL,NULL),(386,'270/22','22ES000411L0002053','','2022-10-23','2022-10-24',7802.00,'YESO',220,203,'S. NOSOV',107,'TENES ','PARAINEN','GARRUCHA','2022-10-23 22:00:00','2022-10-23 00:00:00','2022-10-23 00:00:00','2022-10-23 22:45:00','2022-10-24 07:15:00','2022-10-24 18:45:00',NULL,NULL),(387,'271/22','','22ES00041110559381','2022-10-21','2022-10-25',41000.00,'CALIZA',221,108,'S. VEKIOS ',153,'ORAN ','SAN PEDRO ','GARRUCHA','2022-10-21 17:38:00','2022-10-21 17:55:00','2022-09-24 17:55:00','2022-10-24 19:30:00','2022-10-25 06:05:00','2022-10-25 19:20:00',NULL,NULL),(388,'272/22','22ES000411L0002061','','2022-10-23','2022-10-25',6900.00,'YESO',220,201,'V. PODRIZ',107,'CASABLANCA','BALSTA','GARRUCHA','2022-10-23 02:20:00','2022-10-23 02:35:00','2022-10-24 19:45:00','2022-10-24 20:55:00','2022-10-25 08:00:00','2022-10-25 19:40:00',NULL,NULL),(389,'273/22','','22ES00041110557639','2022-10-26','2022-10-26',9003.00,'YESO',220,180,'S. IGOREVICH',151,'SANTANDER','FREDRIKSTAD','GARRUCHA','2022-10-26 06:52:00','2022-10-26 00:00:00','2022-10-26 00:00:00','2022-10-26 07:30:00','2022-10-26 14:10:00','2022-10-26 19:30:00',NULL,NULL),(390,'274/22','','22ES00041110562435','2022-10-27','2022-10-28',30000.00,'YESO',220,87,'D. LEBEDEV',104,'BEJAIA ','TEESPORT','GARRUCHA','2022-10-27 16:48:00','2022-10-27 00:00:00','2022-10-27 00:00:00','2022-10-27 19:15:00','2022-10-28 07:10:00','2022-10-28 18:20:00',NULL,NULL),(391,'275/22','22ES000411L0002096','','2022-10-30','2022-10-31',7517.00,'YESO',220,276,'J. BEEKHUIS',151,'SETE ','KALUNDBORG ','GARRUCHA','2022-10-30 16:55:00','2022-10-30 00:00:00','2022-10-30 00:00:00','2022-10-30 17:50:00','2022-10-31 07:10:00','2022-10-31 11:45:00',NULL,NULL),(392,'277/22','22ES000411L0002101/10','','2022-11-04','2022-11-05',9150.00,'YESO',220,205,'ROMAN OLEINIK',107,'JORF-LASFAR ','KALUNDBORG + BALSTA','GARRUCHA','2022-11-04 13:00:00','2022-11-04 00:00:00','2022-11-04 00:00:00','2022-11-04 13:35:00','2022-11-05 07:15:00','2022-11-05 14:20:00',NULL,NULL),(393,'278/22','','22ES00041110577650','2022-11-05','2022-11-08',5425.00,'YESO',221,132,'VLADIMIR BABICH',118,'TARRAGONA','BREVIK','GARRUCHA','2022-11-05 17:30:00','2022-11-05 17:48:00','2022-11-06 08:25:00','2022-11-06 09:30:00','2022-11-07 07:00:00','2022-11-07 14:35:00',NULL,NULL),(394,'279/22','22ES00041110577716','','2022-11-05','2022-11-07',24300.00,'YESO',221,72,'KOWALEZYK,I.W.',136,'SETUBAL','IMMINGHAM','GARRUCHA','2022-11-05 21:00:00','2022-11-05 21:00:00','2022-11-06 09:05:00','2022-11-06 10:30:00','2022-11-07 06:10:00','2022-11-07 14:35:00',NULL,NULL),(395,'280/22','','22ES00041110580564','2022-11-06','2022-11-08',47040.00,'YESO',220,123,'ROY DESQUITADO ',141,'BILBAO','SAVANNAH','GARRUCHA','2022-11-05 23:30:00','2022-11-06 00:54:00','2022-11-07 15:48:00','2022-11-07 18:12:00','2022-11-08 06:10:00','2022-11-08 20:25:00',NULL,NULL),(396,'281/22','22ES000411L0002128','','2022-11-05','2022-11-08',9044.00,'YESO',220,142,'RUSLAN NESPIRNY',107,'BEJAIA','KANTVIK','GARRUCHA','2022-11-05 18:30:00','2022-11-05 18:45:00','2022-11-07 15:30:00','2022-11-07 06:50:00','2022-11-08 07:10:00','2022-11-08 21:00:00',NULL,NULL),(397,'282/22','','22ES00041110583145','2022-11-08','2022-11-09',4765.00,'YESO',221,59,'MARCIN FORTUNA',94,'CASTELLON','KJOEPSVIK','GARRUCHA','2022-11-08 16:30:00','2022-11-08 17:45:00','2022-11-08 22:30:00','2022-11-09 00:15:00','2022-11-09 07:30:00','2022-11-09 17:25:00',NULL,NULL),(398,'283/22','22ES000411L0002136','0582646/0591044','2022-11-08','2022-11-10',36500.00,'YESO',220,216,'JANUSZ LESZEK P',136,'CASABLANCA','SOU+TEE+GREENORE','GARRUCHA','2022-11-08 17:30:00','2022-11-08 18:20:00','2022-11-08 21:20:00','2022-11-08 23:20:00','2022-11-08 07:10:00','2022-11-10 14:40:00',NULL,NULL),(399,'284/22','','22ES00041110591044','2022-11-09','2022-11-11',28950.00,'YESO',221,70,'DIMITAR KOSTOV ',130,'TERNEVZEN','HULL','GARRUCHA','2022-11-09 06:05:00','2022-11-09 06:05:00','2022-11-10 16:00:00','2022-11-10 17:20:00','2022-11-10 18:10:00','2022-11-11 12:20:00',NULL,NULL),(400,'285/22','','0590470/0590489','2022-11-09','2022-11-14',50900.00,'YESO',220,119,'IBRAHIM YILMAZ',102,'SYROS','LAGOS/DOUALA','GARRUCHA','2022-11-09 10:00:00','2022-11-09 11:00:00','2022-11-11 13:30:00','2022-11-11 15:48:00','2022-11-11 16:45:00','2022-11-14 10:50:00',NULL,NULL),(401,'276/22','','22ES00041110568820','2022-11-01','2022-11-02',38842.00,'YESO',220,217,'HLANG TUN ZAW',110,'BEJAIA ','BUCHANAN','GARRUCHA','2022-11-01 09:30:00','2022-11-01 00:00:00','2022-11-01 00:00:00','2022-11-01 12:24:00','2022-11-02 07:10:00','2022-11-02 20:00:00',NULL,NULL),(402,'286/22','22ES000411L0002152','','2022-11-13','2022-11-15',29900.00,'YESO',221,98,'CAO HOVYUAN',120,'CASABLANCA','FLUSHING (NL)','GARRUCHA','2022-11-13 15:00:00','2022-11-13 15:15:00','2022-11-14 12:35:00','2022-11-14 14:30:00','2022-11-14 15:15:00','2022-11-15 12:45:00',NULL,NULL),(403,'287/22','22ES000411L0002179/60','','2022-11-14','2022-11-15',8703.00,'YESO',220,229,'IVAN GARBUZ',107,'BEJAIA','KALUNDBORG + BALSTA','GARRUCHA','2022-11-14 20:20:00','2022-11-14 00:00:00','2022-11-14 00:00:00','2022-11-14 21:05:00','2022-11-15 07:10:00','2022-11-15 17:15:00',NULL,NULL),(404,'288/22','22ES000411L0002187','','2022-11-15','2022-11-16',6800.00,'YESO',220,256,'ALPER ARABACI',109,'JORF LASFAR','GREENORE,IRLANDA','GARRUCHA','2022-11-15 15:15:00','2022-11-15 00:00:00','2022-11-15 00:00:00','2022-11-15 16:30:00','2022-11-16 07:10:00','2022-11-16 12:55:00',NULL,NULL),(405,'289/22','22ES000411L0002219','','2022-11-17','2022-11-18',35030.00,'YESO',220,247,'MUKHIN SERGIY',136,'CASABLANCA','ROTTERDAM','GARRUCHA','2022-11-17 17:50:00','2022-11-17 00:00:00','2022-11-17 00:00:00','2022-11-17 20:05:00','2022-11-18 06:15:00','2022-11-18 19:10:00',NULL,NULL),(406,'290/22','22ES000411L0002195','','2022-11-19','2022-11-20',7475.00,'YESO',221,275,'EUGEN GABRIEL ',151,'FOS','KUNDA ','GARRUCHA','2022-11-18 11:10:00','2022-11-18 00:00:00','2022-11-18 00:00:00','2022-11-18 11:50:00','2022-11-19 07:00:00','2022-11-19 11:45:00',NULL,NULL),(407,'291/22','22ES000411L0002200','','2022-11-18','2022-11-19',7194.00,'YESO',220,55,'VALERIANO C.R.',107,'BEJAIA','KALUNDBORG','GARRUCHA','2022-11-18 23:20:00','2022-11-18 00:00:00','2022-11-18 00:00:00','2022-11-18 23:55:00','2022-11-19 07:10:00','2022-11-19 12:30:00',NULL,NULL),(408,'295/22','','22ES00041110617775','2022-11-25','2022-11-28',49700.00,'YESO',220,42,'ERNESTO SEFULAN',102,'TARRAGONA','LAGOS','GARRUCHA','2022-11-25 14:18:00','2022-11-25 14:42:00','2022-11-25 16:12:00','2022-11-25 17:54:00','2022-11-26 06:30:00','2022-11-28 13:25:00',NULL,NULL),(409,'296/22','22ES000411L0002251','','2022-11-26','2022-11-28',9100.00,'YESO',220,203,'SERGEY NOSOV',107,'BEJAIA','KANTVIK','GARRUCHA','2022-11-26 06:15:00','2022-11-26 06:35:00','2022-11-27 08:35:00','2022-11-27 09:35:00','2022-11-28 07:10:00','2022-11-28 17:35:00',NULL,NULL),(410,'297/22','22ES000411L0002260','','2022-11-29','2022-11-29',7300.00,'YESO',220,201,'V. PODRIXZ',107,'CASABLANCA','PARAINEN','GARRUCHA','2022-11-29 06:05:00','2022-11-29 00:00:00','2022-11-29 00:00:00','2022-11-29 06:50:00','2022-11-29 08:25:00','2022-11-29 13:15:00',NULL,NULL),(411,'298/22','','22ES00041110622860','2022-11-29','2022-11-30',24496.00,'YESO',221,178,'O. TROFYMENKO',136,'HUELVA','IMMINGHAM ','GARRUCHA','2022-11-29 23:50:00','2022-11-29 00:00:00','2022-11-29 00:00:00','2022-11-30 01:20:00','2022-11-30 08:10:00','2022-11-30 20:00:00',NULL,NULL),(412,'299/22','','22ES0004111067151/86','2022-11-30','2022-12-02',48900.00,'CALIZA',221,89,'ATHANASIOS GEOR',140,'GHENT','ABIDJAN/SAN PEDRO','GARRUCHA','2022-12-30 12:42:00','2022-12-30 15:12:00','2022-12-30 21:31:00','2022-12-30 23:06:00','2022-12-01 07:15:00','2022-12-02 15:30:00',NULL,NULL),(413,'300/22','','22ES00041110629953','2022-11-30','2022-12-03',44750.00,'YESO',220,139,'RADOMIR POPOVIC',141,'AMSTERDAM','NEWINGTON (USA)','GARRUCHA','2022-11-30 20:00:00','2022-11-30 20:20:00','2022-12-02 17:20:00','2022-12-02 19:04:00','2022-12-03 06:10:00','2022-12-03 18:20:00',NULL,NULL),(414,'301/22','','22ES00041510000923','2022-12-03','2022-12-04',47670.00,'YESO',221,104,'RODEL PABUNAN M',101,'LISBOA','FAIRLESS HILLS, PA.','CARBONERAS','2022-12-03 04:18:00','2022-12-03 04:18:00','2022-12-03 15:06:00','2022-12-03 16:35:00','2022-12-03 17:35:00','2022-12-04 13:00:00',NULL,NULL),(415,'303/22','','22ES00041110639795','2022-12-08','2022-12-09',24100.00,'YESO',221,72,'IRENEUSZ WITOLD',136,'BIZERTA','IMMINGHAM','GARRUCHA','2022-12-08 20:45:00','2022-12-08 00:00:00','2022-12-08 00:00:00','2022-12-08 21:50:00','2022-12-09 06:10:00','2022-12-09 19:20:00',NULL,NULL),(416,'304/22','','0641879/0641919','2022-12-08','2022-12-12',50900.00,'YESO',221,134,'V. KUZNETSOV',101,'FOSS ','BALTIMORE ','GARRUCHA','2022-12-08 12:30:00','2022-12-08 12:30:00','2022-12-09 20:40:00','2022-12-09 22:00:00','2022-12-10 07:15:00','2022-12-12 19:10:00',NULL,NULL),(417,'305/22','22ES00L0002278','','2022-12-12','2022-12-12',3798.00,'YESO',221,163,'D. SNNDIJK ',114,'AVILES ','LIDKOPING','GARRUCHA','2022-12-12 07:50:00','2022-12-12 00:00:00','2022-12-12 00:00:00','2022-12-12 08:25:00','2022-12-12 12:00:00','2022-12-12 18:00:00',NULL,NULL),(418,'306/22','','22ES00041110647172','2022-12-11','2022-12-13',45001.00,'YESO',220,68,'M. KAZI ',141,'ROTTERDAM ','NEWINGTON ','GARRUCHA','2022-12-11 03:30:00','2022-12-11 03:30:00','2022-12-12 20:00:00','2022-12-12 22:36:00','2022-12-13 07:15:00','2022-12-13 22:35:00',NULL,NULL),(419,'307/22','22ES000415L0000840','','2022-12-12','2022-12-13',758.00,'YESO',221,162,'ALEKSEI MEDVEDE',151,'AGADIR','SLITE','CARBONERAS','2022-12-12 10:45:00','2022-12-12 00:00:00','2022-12-12 00:00:00','2022-12-13 00:15:00','2022-12-13 10:00:00','2022-12-13 16:30:00',NULL,NULL),(420,'308/22','2ES000411106499112','','2022-12-12','2022-12-15',44000.00,'YESO',221,161,'A.P.CZARNIAWSKI',140,'AMSTERDAM','TAMPA,FL.','GARRUCHA','2022-12-12 01:18:00','2022-12-12 01:18:00','2022-12-14 00:18:00','2022-12-14 02:00:00','2022-12-14 08:10:00','2022-12-15 12:10:00',NULL,NULL),(421,'309/22','22ES000415L0002294','','2022-12-11','2022-12-16',29000.00,'YESO',221,170,'VIACHESLAV EREM',136,'GIJON','ROTTERDAM','GARRUCHA','2022-12-11 21:30:00','2022-12-11 22:00:00','2022-12-15 13:36:00','2022-12-15 15:10:00','2022-12-15 13:50:00','2022-12-16 11:50:00',NULL,NULL),(422,'310/22','22ES000411L00023000','','2022-12-16','2022-12-16',6544.00,'YESO',220,229,'IVAN GARBUZ',107,'CASABLANCA','BALSTA','GARRUCHA','2022-12-16 09:30:00','2022-12-16 00:00:00','2022-12-16 00:00:00','2022-12-16 10:05:00','2022-12-16 10:30:00','2022-12-16 18:41:00',NULL,NULL),(423,'311/22','','22ES00041110653238','2022-12-12','2022-12-16',13650.00,'CALIZA',220,222,'ROMAN SKOROKHOD',108,'ORAN','ABIDJAN','GARRUCHA','2022-12-12 23:50:00','2022-12-12 23:50:00','2022-12-16 13:15:00','2022-12-16 14:30:00','2022-12-16 15:20:00','2022-12-16 20:20:00',NULL,NULL),(424,'312/22','','0658249/0658265/065827','2022-12-15','2022-12-19',40510.00,'YESO',221,237,'JIN BANGZHONG',141,'CASTELLON','MONROVIA','GARRUCHA','2022-12-15 23:00:00','2022-12-15 23:15:00','2022-12-18 08:30:00','2022-12-18 10:00:00','2022-12-19 07:10:00','2022-12-19 19:50:00',NULL,NULL),(425,'313/22','','22ES00041110661394/27','2022-12-17','2022-12-21',44000.00,'YESO',221,253,'CHEN YIBING ',153,'LIVORNO','ABIDJAN/TEMA','GARRUCHA','2022-12-17 23:30:00','2022-12-17 23:30:00','2022-12-19 20:30:00','2022-12-19 22:48:00','2022-12-20 07:10:00','2022-12-21 10:15:00',NULL,NULL),(426,'314/22','','22ES00041110665903/20','2022-12-19','2022-12-22',49072.00,'YESO',221,157,'R. BONSOL',119,'PORI','CARTAGENA','GARRUCHA','2022-12-19 18:00:00','2022-12-19 18:00:00','2022-12-21 12:00:00','2022-12-21 13:10:00','2022-12-21 14:15:00','2022-12-22 19:00:00',NULL,NULL),(427,'315/22','22ES00041110665416','','2022-12-21','2022-12-23',10770.00,'CALIZA',221,164,'G. NASTASE ',103,'ORAN ','FREETOWN ','GARRUCHA','2022-12-21 07:30:00','2022-12-21 09:20:00','2022-12-22 20:10:00','2022-12-22 21:50:00','2022-12-23 08:10:00','2022-12-23 13:30:00',NULL,NULL),(428,'316/22','','22ES00041110672198','2022-12-22','2022-12-30',55360.00,'YESO',221,268,'B. BYEONADO',148,'ALEXANDRIA','CARTAGENA ','GARRUCHA','2022-12-22 09:30:00','2022-12-22 10:30:00','2022-12-27 05:36:00','2022-12-27 07:12:00','2022-12-27 08:10:00','2022-12-28 13:20:00',NULL,NULL),(429,'317/22','','22ES00041110675456','2022-12-25','2022-12-29',47300.00,'YESO',220,112,'K. CHARALAMPOS',141,'GIJON ','SAVANNAH ','GARRUCHA','2022-12-25 21:30:00','2022-12-25 22:18:00','2022-12-28 17:24:00','2022-12-28 19:06:00','2022-12-29 06:10:00','2022-12-29 19:15:00',NULL,NULL),(430,'318/22','','22ES00041110672021','2022-12-27','2022-12-28',4787.00,'YESO',221,58,'J. MICHAL',94,'CASTELLON ','KJOEPSVIK','GARRUCHA','2022-12-27 15:30:00','2022-12-27 00:00:00','2022-12-27 00:00:00','2022-12-27 16:00:00','2022-12-28 07:10:00','2022-12-28 14:00:00',NULL,NULL),(431,'319/22','','22ES00041110677182','2022-12-28','2022-12-31',51370.00,'YESO',220,289,'F. SPIRIDON ',137,'FOSS','LAGOS ','GARRUCHA','2022-12-28 03:00:00','2022-12-28 04:06:00','2022-12-29 21:24:00','2022-12-29 23:18:00','2022-12-30 07:15:00','2022-12-31 12:40:00',NULL,NULL),(432,'321/22','23ES000411L000001','','2022-12-31','2022-12-31',6454.00,'YESO',220,203,'A. WOZKOWSKI',107,'BEJAIA ','BALSTA ','GARRUCHA','2022-12-31 11:00:00','2022-12-31 00:00:00','2022-12-31 00:00:00','2022-12-31 11:30:00','2022-12-31 12:00:00','2022-12-31 16:15:00',NULL,NULL);
UNLOCK TABLES;


DROP VIEW IF EXISTS vista_estancia_de_buque;
CREATE VIEW vista_estancia_de_buque AS
SELECT 
    edb.*,
    c1.nombre AS armador_nombre,
    c2.nombre AS cargador_nombre,
    b.nombre AS buque_nombre
FROM 
    estancia_de_buque edb
JOIN
    buque b ON edb.buque_id = b.id
JOIN
    cliente c1 ON edb.ARMADOR_id = c1.id
JOIN
    cliente c2 ON edb.CARGADOR_id = c2.id;

DROP TABLE IF EXISTS factura;
CREATE TABLE IF NOT EXISTS factura (
    id INT AUTO_INCREMENT PRIMARY KEY,
    num_factura VARCHAR(10) NOT NULL UNIQUE,
    tipo VARCHAR(3) NOT NULL,
    fecha DATE DEFAULT NULL,
    cliente_id INT NOT NULL,
    iva DECIMAL(10,2) DEFAULT 0,
    concepto1 VARCHAR(100) DEFAULT NULL,
    concepto2 VARCHAR(100) DEFAULT NULL,
    concepto3 VARCHAR(100) DEFAULT NULL,
    concepto4 VARCHAR(100) DEFAULT NULL,
    concepto5 VARCHAR(100) DEFAULT NULL,
    concepto6 VARCHAR(100) DEFAULT NULL,
    concepto7 VARCHAR(100) DEFAULT NULL,
    concepto8 VARCHAR(100) DEFAULT NULL,
    concepto9 VARCHAR(100) DEFAULT NULL,
    concepto10 VARCHAR(100) DEFAULT NULL,
    concepto11 VARCHAR(100) DEFAULT NULL,
    concepto12 VARCHAR(100) DEFAULT NULL,
    concepto13 VARCHAR(100) DEFAULT NULL,
    concepto14 VARCHAR(100) DEFAULT NULL,
    concepto15 VARCHAR(100) DEFAULT NULL,
    concepto16 VARCHAR(100) DEFAULT NULL,
    concepto17 VARCHAR(100) DEFAULT NULL,
    concepto18 VARCHAR(100) DEFAULT NULL,
    concepto19 VARCHAR(100) DEFAULT NULL,
    concepto20 VARCHAR(100) DEFAULT NULL,
    precio1 DECIMAL(10,2) DEFAULT NULL,
    precio2 DECIMAL(10,2) DEFAULT NULL,
    precio3 DECIMAL(10,2) DEFAULT NULL,
    precio4 DECIMAL(10,2) DEFAULT NULL,
    precio5 DECIMAL(10,2) DEFAULT NULL,
    precio6 DECIMAL(10,2) DEFAULT NULL,
    precio7 DECIMAL(10,2) DEFAULT NULL,
    precio8 DECIMAL(10,2) DEFAULT NULL,
    precio9 DECIMAL(10,2) DEFAULT NULL,
    precio10 DECIMAL(10,2) DEFAULT NULL,
    precio11 DECIMAL(10,2) DEFAULT NULL,
    precio12 DECIMAL(10,2) DEFAULT NULL,
    precio13 DECIMAL(10,2) DEFAULT NULL,
    precio14 DECIMAL(10,2) DEFAULT NULL,
    precio15 DECIMAL(10,2) DEFAULT NULL,
    precio16 DECIMAL(10,2) DEFAULT NULL,
    precio17 DECIMAL(10,2) DEFAULT NULL,
    precio18 DECIMAL(10,2) DEFAULT NULL,
    precio19 DECIMAL(10,2) DEFAULT NULL,
    precio20 DECIMAL(10,2) DEFAULT NULL,
    CONSTRAINT FK_FacturaCliente FOREIGN KEY(cliente_id) REFERENCES cliente(id) ON DELETE RESTRICT,
    CONSTRAINT CHK_TipoFactura CHECK(tipo IN ('A', 'B', 'C', 'AQH'))
);

CREATE TABLE IF NOT EXISTS factura_con_buque (
    id INT PRIMARY KEY, -- Herencia
    buque_id INT NOT NULL,
    fecha_entrada DATE DEFAULT NULL,
    fecha_salida DATE DEFAULT NULL,
    CONSTRAINT FK_FacturaID1 FOREIGN KEY (id) REFERENCES factura(id) ON DELETE CASCADE,
    CONSTRAINT FK_FacturaBuque FOREIGN KEY (buque_id) REFERENCES buque(id) ON DELETE RESTRICT
);

CREATE TABLE IF NOT EXISTS factura_con_dias (
    id INT PRIMARY KEY, -- Herencia
    dia1 INT UNSIGNED DEFAULT NULL,
    dia2 INT UNSIGNED DEFAULT NULL,
    dia3 INT UNSIGNED DEFAULT NULL,
    dia4 INT UNSIGNED DEFAULT NULL,
    dia5 INT UNSIGNED DEFAULT NULL,
    dia6 INT UNSIGNED DEFAULT NULL,
    dia7 INT UNSIGNED DEFAULT NULL,
    dia8 INT UNSIGNED DEFAULT NULL,
    dia9 INT UNSIGNED DEFAULT NULL,
    dia10 INT UNSIGNED DEFAULT NULL,
    dia11 INT UNSIGNED DEFAULT NULL,
    dia12 INT UNSIGNED DEFAULT NULL,
    dia13 INT UNSIGNED DEFAULT NULL,
    dia14 INT UNSIGNED DEFAULT NULL,
    dia15 INT UNSIGNED DEFAULT NULL,
    dia16 INT UNSIGNED DEFAULT NULL,
    dia17 INT UNSIGNED DEFAULT NULL,
    dia18 INT UNSIGNED DEFAULT NULL,
    dia19 INT UNSIGNED DEFAULT NULL,
    dia20 INT UNSIGNED DEFAULT NULL,
    CONSTRAINT FK_FacturaID2 FOREIGN KEY (id) REFERENCES factura(id) ON DELETE CASCADE
);

DROP VIEW IF EXISTS vista_factura;
CREATE VIEW vista_factura AS
SELECT 
    f.*,
    c.nombre AS cliente_nombre,
    c.direccion AS cliente_direccion,
    c.cif AS cliente_cif,
    c.vat AS cliente_vat,
    TRUNCATE (
        COALESCE(f.precio1, 0) + COALESCE(f.precio2, 0) + COALESCE(f.precio3, 0) + COALESCE(f.precio4, 0) +
        COALESCE(f.precio5, 0) + COALESCE(f.precio6, 0) + COALESCE(f.precio7, 0) + COALESCE(f.precio8, 0) +
        COALESCE(f.precio9, 0) + COALESCE(f.precio10, 0) + COALESCE(f.precio11, 0) + COALESCE(f.precio12, 0) +
        COALESCE(f.precio13, 0) + COALESCE(f.precio14, 0) + COALESCE(f.precio15, 0) + COALESCE(f.precio16, 0) +
        COALESCE(f.precio17, 0) + COALESCE(f.precio18, 0) + COALESCE(f.precio19, 0) + COALESCE(f.precio20, 0)
    , 2)
    AS total_sin_iva,
    TRUNCATE (
        (COALESCE(f.precio1, 0) + COALESCE(f.precio2, 0) + COALESCE(f.precio3, 0) + COALESCE(f.precio4, 0) +
        COALESCE(f.precio5, 0) + COALESCE(f.precio6, 0) + COALESCE(f.precio7, 0) + COALESCE(f.precio8, 0) +
        COALESCE(f.precio9, 0) + COALESCE(f.precio10, 0) + COALESCE(f.precio11, 0) + COALESCE(f.precio12, 0) +
        COALESCE(f.precio13, 0) + COALESCE(f.precio14, 0) + COALESCE(f.precio15, 0) + COALESCE(f.precio16, 0) +
        COALESCE(f.precio17, 0) + COALESCE(f.precio18, 0) + COALESCE(f.precio19, 0) + COALESCE(f.precio20, 0))
         * (1 + COALESCE(iva, 0) / 100) 
    , 2)
    AS total_con_iva
FROM factura f
JOIN cliente c ON f.cliente_id = c.id;

DROP VIEW IF EXISTS vista_factura_con_buque;
CREATE VIEW vista_factura_con_buque AS
SELECT 
    vf.*,
    fb.buque_id,
    b.nombre AS buque_nombre,
    fb.fecha_entrada,
    fb.fecha_salida
FROM 
    (vista_factura vf
    JOIN factura_con_buque fb ON vf.id = fb.id)
    JOIN buque b ON fb.buque_id = b.id;

DROP VIEW IF EXISTS vista_factura_con_dias;
CREATE VIEW vista_factura_con_dias AS
SELECT 
    vf.*,
    fd.dia1,
    fd.dia2,
    fd.dia3,
    fd.dia4,
    fd.dia5,
    fd.dia6,
    fd.dia7,
    fd.dia8,
    fd.dia9,
    fd.dia10,
    fd.dia11,
    fd.dia12,
    fd.dia13,
    fd.dia14,
    fd.dia15,
    fd.dia16,
    fd.dia17,
    fd.dia18,
    fd.dia19,
    fd.dia20
FROM vista_factura vf
JOIN factura_con_dias fd ON vf.id = fd.id;

DROP VIEW IF EXISTS vista_factura_listado;
CREATE VIEW vista_factura_listado AS
SELECT 
    vf.id, 
    vf.num_factura AS numero, 
    vf.tipo,
    vf.fecha,
    vf.cliente_nombre, 
    vf.cliente_direccion, 
    vf.cliente_cif, 
    vf.cliente_vat, 
    vfb.buque_nombre, 
    vf.iva, 
    vf.total_sin_iva, 
    vf.total_con_iva 
FROM 
    vista_factura vf 
LEFT JOIN vista_factura_con_buque vfb ON vf.id = vfb.id;
